year,ssp119,ssp126,ssp245,ssp370,ssp434,ssp460,ssp534-over,ssp585
1850,284.32,284.32,284.32,284.32,284.32,284.32,284.32,284.32
1851,284.45,284.45,284.45,284.45,284.45,284.45,284.45,284.45
1852,284.60,284.60,284.60,284.60,284.60,284.60,284.60,284.60
1853,284.73,284.73,284.73,284.73,284.73,284.73,284.73,284.73
1854,284.85,284.85,284.85,284.85,284.85,284.85,284.85,284.85
1855,284.94,284.94,284.94,284.94,284.94,284.94,284.94,284.94
1856,285.05,285.05,285.05,285.05,285.05,285.05,285.05,285.05
1857,285.20,285.20,285.20,285.20,285.20,285.20,285.20,285.20
1858,285.37,285.37,285.37,285.37,285.37,285.37,285.37,285.37
1859,285.55,285.55,285.55,285.55,285.55,285.55,285.55,285.55
1860,285.74,285.74,285.74,285.74,285.74,285.74,285.74,285.74
1861,285.93,285.93,285.93,285.93,285.93,285.93,285.93,285.93
1862,286.10,286.10,286.10,286.10,286.10,286.10,286.10,286.10
1863,286.27,286.27,286.27,286.27,286.27,286.27,286.27,286.27
1864,286.44,286.44,286.44,286.44,286.44,286.44,286.44,286.44
1865,286.61,286.61,286.61,286.61,286.61,286.61,286.61,286.61
1866,286.78,286.78,286.78,286.78,286.78,286.78,286.78,286.78
1867,286.95,286.95,286.95,286.95,286.95,286.95,286.95,286.95
1868,287.11,287.11,287.11,287.11,287.11,287.11,287.11,287.11
1869,287.23,287.23,287.23,287.23,287.23,287.23,287.23,287.23
1870,287.36,287.36,287.36,287.36,287.36,287.36,287.36,287.36
1871,287.49,287.49,287.49,287.49,287.49,287.49,287.49,287.49
1872,287.66,287.66,287.66,287.66,287.66,287.66,287.66,287.66
1873,287.86,287.86,287.86,287.86,287.86,287.86,287.86,287.86
1874,288.06,288.06,288.06,288.06,288.06,288.06,288.06,288.06
1875,288.29,288.29,288.29,288.29,288.29,288.29,288.29,288.29
1876,288.52,288.52,288.52,288.52,288.52,288.52,288.52,288.52
1877,288.75,288.75,288.75,288.75,288.75,288.75,288.75,288.75
1878,288.99,288.99,288.99,288.99,288.99,288.99,288.99,288.99
1879,289.22,289.22,289.22,289.22,289.22,289.22,289.22,289.22
1880,289.47,289.47,289.47,289.47,289.47,289.47,289.47,289.47
1881,289.74,289.74,289.74,289.74,289.74,289.74,289.74,289.74
1882,290.02,290.02,290.02,290.02,290.02,290.02,290.02,290.02
1883,290.26,290.26,290.26,290.26,290.26,290.26,290.26,290.26
1884,290.51,290.51,290.51,290.51,290.51,290.51,290.51,290.51
1885,290.80,290.80,290.80,290.80,290.80,290.80,290.80,290.80
1886,291.10,291.10,291.10,291.10,291.10,291.10,291.10,291.10
1887,291.41,291.41,291.41,291.41,291.41,291.41,291.41,291.41
1888,291.76,291.76,291.76,291.76,291.76,291.76,291.76,291.76
1889,292.11,292.11,292.11,292.11,292.11,292.11,292.11,292.11
1890,292.46,292.46,292.46,292.46,292.46,292.46,292.46,292.46
1891,292.82,292.82,292.82,292.82,292.82,292.82,292.82,292.82
1892,293.17,293.17,293.17,293.17,293.17,293.17,293.17,293.17
1893,293.48,293.48,293.48,293.48,293.48,293.48,293.48,293.48
1894,293.79,293.79,293.79,293.79,293.79,293.79,293.79,293.79
1895,294.08,294.08,294.08,294.08,294.08,294.08,294.08,294.08
1896,294.36,294.36,294.36,294.36,294.36,294.36,294.36,294.36
1897,294.65,294.65,294.65,294.65,294.65,294.65,294.65,294.65
1898,294.95,294.95,294.95,294.95,294.95,294.95,294.95,294.95
1899,295.30,295.30,295.30,295.30,295.30,295.30,295.30,295.30
1900,295.67,295.67,295.67,295.67,295.67,295.67,295.67,295.67
1901,296.01,296.01,296.01,296.01,296.01,296.01,296.01,296.01
1902,296.33,296.33,296.33,296.33,296.33,296.33,296.33,296.33
1903,296.65,296.65,296.65,296.65,296.65,296.65,296.65,296.65
1904,296.95,296.95,296.95,296.95,296.95,296.95,296.95,296.95
1905,297.29,297.29,297.29,297.29,297.29,297.29,297.29,297.29
1906,297.66,297.66,297.66,297.66,297.66,297.66,297.66,297.66
1907,298.10,298.10,298.10,298.10,298.10,298.10,298.10,298.10
1908,298.52,298.52,298.52,298.52,298.52,298.52,298.52,298.52
1909,298.94,298.94,298.94,298.94,298.94,298.94,298.94,298.94
1910,299.38,299.38,299.38,299.38,299.38,299.38,299.38,299.38
1911,299.83,299.83,299.83,299.83,299.83,299.83,299.83,299.83
1912,300.35,300.35,300.35,300.35,300.35,300.35,300.35,300.35
1913,300.91,300.91,300.91,300.91,300.91,300.91,300.91,300.91
1914,301.42,301.42,301.42,301.42,301.42,301.42,301.42,301.42
1915,301.94,301.94,301.94,301.94,301.94,301.94,301.94,301.94
1916,302.48,302.48,302.48,302.48,302.48,302.48,302.48,302.48
1917,303.01,303.01,303.01,303.01,303.01,303.01,303.01,303.01
1918,303.45,303.45,303.45,303.45,303.45,303.45,303.45,303.45
1919,303.81,303.81,303.81,303.81,303.81,303.81,303.81,303.81
1920,304.25,304.25,304.25,304.25,304.25,304.25,304.25,304.25
1921,304.60,304.60,304.60,304.60,304.60,304.60,304.60,304.60
1922,304.94,304.94,304.94,304.94,304.94,304.94,304.94,304.94
1923,305.27,305.27,305.27,305.27,305.27,305.27,305.27,305.27
1924,305.63,305.63,305.63,305.63,305.63,305.63,305.63,305.63
1925,305.81,305.81,305.81,305.81,305.81,305.81,305.81,305.81
1926,305.95,305.95,305.95,305.95,305.95,305.95,305.95,305.95
1927,306.18,306.18,306.18,306.18,306.18,306.18,306.18,306.18
1928,306.33,306.33,306.33,306.33,306.33,306.33,306.33,306.33
1929,306.49,306.49,306.49,306.49,306.49,306.49,306.49,306.49
1930,306.62,306.62,306.62,306.62,306.62,306.62,306.62,306.62
1931,306.82,306.82,306.82,306.82,306.82,306.82,306.82,306.82
1932,307.09,307.09,307.09,307.09,307.09,307.09,307.09,307.09
1933,307.40,307.40,307.40,307.40,307.40,307.40,307.40,307.40
1934,307.78,307.78,307.78,307.78,307.78,307.78,307.78,307.78
1935,308.23,308.23,308.23,308.23,308.23,308.23,308.23,308.23
1936,309.01,309.01,309.01,309.01,309.01,309.01,309.01,309.01
1937,309.76,309.76,309.76,309.76,309.76,309.76,309.76,309.76
1938,310.29,310.29,310.29,310.29,310.29,310.29,310.29,310.29
1939,310.85,310.85,310.85,310.85,310.85,310.85,310.85,310.85
1940,311.36,311.36,311.36,311.36,311.36,311.36,311.36,311.36
1941,311.81,311.81,311.81,311.81,311.81,311.81,311.81,311.81
1942,312.17,312.17,312.17,312.17,312.17,312.17,312.17,312.17
1943,312.39,312.39,312.39,312.39,312.39,312.39,312.39,312.39
1944,312.41,312.41,312.41,312.41,312.41,312.41,312.41,312.41
1945,312.38,312.38,312.38,312.38,312.38,312.38,312.38,312.38
1946,312.39,312.39,312.39,312.39,312.39,312.39,312.39,312.39
1947,312.49,312.49,312.49,312.49,312.49,312.49,312.49,312.49
1948,312.52,312.52,312.52,312.52,312.52,312.52,312.52,312.52
1949,312.63,312.63,312.63,312.63,312.63,312.63,312.63,312.63
1950,312.82,312.82,312.82,312.82,312.82,312.82,312.82,312.82
1951,313.01,313.01,313.01,313.01,313.01,313.01,313.01,313.01
1952,313.34,313.34,313.34,313.34,313.34,313.34,313.34,313.34
1953,313.73,313.73,313.73,313.73,313.73,313.73,313.73,313.73
1954,314.09,314.09,314.09,314.09,314.09,314.09,314.09,314.09
1955,314.41,314.41,314.41,314.41,314.41,314.41,314.41,314.41
1956,314.70,314.70,314.70,314.70,314.70,314.70,314.70,314.70
1957,314.99,314.99,314.99,314.99,314.99,314.99,314.99,314.99
1958,315.34,315.34,315.34,315.34,315.34,315.34,315.34,315.34
1959,315.81,315.81,315.81,315.81,315.81,315.81,315.81,315.81
1960,316.62,316.62,316.62,316.62,316.62,316.62,316.62,316.62
1961,317.30,317.30,317.30,317.30,317.30,317.30,317.30,317.30
1962,318.04,318.04,318.04,318.04,318.04,318.04,318.04,318.04
1963,318.65,318.65,318.65,318.65,318.65,318.65,318.65,318.65
1964,319.33,319.33,319.33,319.33,319.33,319.33,319.33,319.33
1965,319.82,319.82,319.82,319.82,319.82,319.82,319.82,319.82
1966,320.88,320.88,320.88,320.88,320.88,320.88,320.88,320.88
1967,321.48,321.48,321.48,321.48,321.48,321.48,321.48,321.48
1968,322.39,322.39,322.39,322.39,322.39,322.39,322.39,322.39
1969,323.25,323.25,323.25,323.25,323.25,323.25,323.25,323.25
1970,324.78,324.78,324.78,324.78,324.78,324.78,324.78,324.78
1971,325.40,325.40,325.40,325.40,325.40,325.40,325.40,325.40
1972,327.35,327.35,327.35,327.35,327.35,327.35,327.35,327.35
1973,329.91,329.91,329.91,329.91,329.91,329.91,329.91,329.91
1974,330.76,330.76,330.76,330.76,330.76,330.76,330.76,330.76
1975,330.83,330.83,330.83,330.83,330.83,330.83,330.83,330.83
1976,331.54,331.54,331.54,331.54,331.54,331.54,331.54,331.54
1977,333.35,333.35,333.35,333.35,333.35,333.35,333.35,333.35
1978,335.01,335.01,335.01,335.01,335.01,335.01,335.01,335.01
1979,336.60,336.60,336.60,336.60,336.60,336.60,336.60,336.60
1980,338.70,338.70,338.70,338.70,338.70,338.70,338.70,338.70
1981,340.06,340.06,340.06,340.06,340.06,340.06,340.06,340.06
1982,340.64,340.64,340.64,340.64,340.64,340.64,340.64,340.64
1983,342.27,342.27,342.27,342.27,342.27,342.27,342.27,342.27
1984,344.01,344.01,344.01,344.01,344.01,344.01,344.01,344.01
1985,345.46,345.46,345.46,345.46,345.46,345.46,345.46,345.46
1986,346.90,346.90,346.90,346.90,346.90,346.90,346.90,346.90
1987,348.77,348.77,348.77,348.77,348.77,348.77,348.77,348.77
1988,351.28,351.28,351.28,351.28,351.28,351.28,351.28,351.28
1989,352.89,352.89,352.89,352.89,352.89,352.89,352.89,352.89
1990,354.07,354.07,354.07,354.07,354.07,354.07,354.07,354.07
1991,355.35,355.35,355.35,355.35,355.35,355.35,355.35,355.35
1992,356.23,356.23,356.23,356.23,356.23,356.23,356.23,356.23
1993,356.92,356.92,356.92,356.92,356.92,356.92,356.92,356.92
1994,358.25,358.25,358.25,358.25,358.25,358.25,358.25,358.25
1995,360.24,360.24,360.24,360.24,360.24,360.24,360.24,360.24
1996,362.00,362.00,362.00,362.00,362.00,362.00,362.00,362.00
1997,363.25,363.25,363.25,363.25,363.25,363.25,363.25,363.25
1998,365.93,365.93,365.93,365.93,365.93,365.93,365.93,365.93
1999,367.84,367.84,367.84,367.84,367.84,367.84,367.84,367.84
2000,369.12,369.12,369.12,369.12,369.12,369.12,369.12,369.12
2001,370.67,370.67,370.67,370.67,370.67,370.67,370.67,370.67
2002,372.83,372.83,372.83,372.83,372.83,372.83,372.83,372.83
2003,375.41,375.41,375.41,375.41,375.41,375.41,375.41,375.41
2004,376.99,376.99,376.99,376.99,376.99,376.99,376.99,376.99
2005,378.91,378.91,378.91,378.91,378.91,378.91,378.91,378.91
2006,381.01,381.01,381.01,381.01,381.01,381.01,381.01,381.01
2007,382.60,382.60,382.60,382.60,382.60,382.60,382.60,382.60
2008,384.74,384.74,384.74,384.74,384.74,384.74,384.74,384.74
2009,386.28,386.28,386.28,386.28,386.28,386.28,386.28,386.28
2010,388.72,388.72,388.72,388.72,388.72,388.72,388.72,388.72
2011,390.94,390.94,390.94,390.94,390.94,390.94,390.94,390.94
2012,393.02,393.02,393.02,393.02,393.02,393.02,393.02,393.02
2013,395.72,395.72,395.72,395.72,395.72,395.72,395.72,395.72
2014,397.55,397.55,397.55,397.55,397.55,397.55,397.55,397.55
2015,399.95,399.95,399.95,399.95,399.95,399.95,399.95,399.95
2016,403.12,403.12,403.12,403.12,403.12,403.12,403.12,403.12
2017,405.75,405.75,405.76,405.81,405.74,405.74,405.80,405.79
2018,408.59,408.59,408.63,408.83,408.56,408.56,408.78,408.76
2019,411.40,411.42,411.51,411.95,411.34,411.34,411.84,411.79
2020,414.21,414.23,414.39,415.15,414.10,414.10,414.98,414.89
2021,417.01,417.04,417.29,418.46,416.84,416.84,418.20,418.06
2022,419.70,419.81,420.20,421.84,419.54,419.61,421.53,421.33
2023,422.17,422.50,423.12,425.28,422.18,422.44,424.97,424.72
2024,424.44,425.12,426.07,428.78,424.76,425.33,428.52,428.22
2025,426.52,427.67,429.03,432.35,427.29,428.29,432.18,431.83
2026,428.43,430.17,432.01,435.97,429.77,431.31,435.95,435.55
2027,430.15,432.60,435.01,439.67,432.20,434.39,439.83,439.38
2028,431.71,434.97,438.03,443.43,434.58,437.53,443.82,443.31
2029,433.10,437.29,441.08,447.26,436.93,440.73,447.92,447.36
2030,434.32,439.56,444.14,451.16,439.23,444.00,452.13,451.51
2031,435.39,441.78,447.23,455.14,441.48,447.32,456.45,455.78
2032,436.34,443.93,450.33,459.17,443.69,450.70,460.89,460.16
2033,437.18,445.99,453.43,463.24,445.83,454.09,465.47,464.68
2034,437.92,447.97,456.54,467.36,447.90,457.52,470.18,469.33
2035,438.55,449.87,459.65,471.54,449.92,460.97,475.02,474.11
2036,439.08,451.68,462.77,475.76,451.87,464.46,479.99,479.02
2037,439.51,453.43,465.90,480.04,453.77,467.97,485.10,484.07
2038,439.84,455.09,469.03,484.38,455.60,471.52,490.34,489.25
2039,440.06,456.68,472.18,488.77,457.38,475.10,495.72,494.57
2040,440.18,458.20,475.34,493.22,459.11,478.72,501.23,500.02
2041,440.20,459.65,478.50,497.73,460.78,482.37,506.88,505.61
2042,440.14,461.02,481.67,502.29,462.39,486.03,512.47,511.34
2043,440.03,462.31,484.84,506.90,463.93,489.70,517.82,517.23
2044,439.86,463.54,488.00,511.56,465.40,493.38,522.94,523.27
2045,439.63,464.68,491.15,516.26,466.81,497.06,527.84,529.46
2046,439.35,465.75,494.30,521.02,468.16,500.75,532.53,535.81
2047,439.01,466.75,497.45,525.83,469.44,504.44,537.02,542.31
2048,438.61,467.68,500.59,530.69,470.66,508.15,541.32,548.98
2049,438.15,468.53,503.73,535.61,471.82,511.87,545.41,555.80
2050,437.63,469.31,506.87,540.58,472.92,515.59,549.32,562.78
2051,437.05,470.02,510.01,545.61,473.95,519.33,553.03,569.93
2052,436.45,470.66,513.14,550.69,474.95,523.07,556.47,577.26
2053,435.84,471.25,516.23,555.82,475.92,526.81,559.52,584.78
2054,435.22,471.78,519.29,561.00,476.86,530.55,562.22,592.51
2055,434.60,472.25,522.33,566.24,477.78,534.28,564.55,600.43
2056,433.96,472.66,525.33,571.53,478.68,538.01,566.53,608.55
2057,433.32,473.02,528.31,576.87,479.54,541.74,568.16,616.87
2058,432.67,473.32,531.26,582.27,480.38,545.47,569.44,625.39
2059,432.00,473.56,534.19,587.72,481.19,549.21,570.38,634.11
2060,431.31,473.75,537.08,593.23,481.97,552.94,570.99,643.04
2061,430.62,473.88,539.96,598.80,482.72,556.67,571.25,652.17
2062,429.91,473.96,542.79,604.42,483.45,560.39,571.26,661.51
2063,429.19,474.00,545.59,610.11,484.15,564.10,571.07,671.04
2064,428.46,474.00,548.33,615.85,484.82,567.79,570.68,680.79
2065,427.73,473.96,551.04,621.65,485.47,571.46,570.09,690.74
2066,426.98,473.87,553.70,627.50,486.10,575.12,569.30,700.90
2067,426.22,473.75,556.32,633.42,486.70,578.76,568.31,711.27
2068,425.45,473.58,558.89,639.40,487.27,582.39,567.12,721.85
2069,424.67,473.36,561.43,645.44,487.82,586.01,565.72,732.65
2070,423.88,473.11,563.92,651.54,488.33,589.61,564.13,743.66
2071,423.07,472.81,566.38,657.71,488.82,593.20,562.34,754.89
2072,422.25,472.46,568.77,663.93,489.27,596.74,560.43,766.32
2073,421.43,472.04,571.08,670.22,489.65,600.21,558.48,777.93
2074,420.58,471.56,573.31,676.57,489.96,603.61,556.49,789.72
2075,419.73,471.02,575.47,682.98,490.22,606.95,554.46,801.69
2076,418.87,470.41,577.54,689.46,490.41,610.22,552.38,813.85
2077,417.99,469.75,579.54,696.00,490.55,613.42,550.25,826.19
2078,417.10,469.02,581.46,702.61,490.62,616.56,548.06,838.73
2079,416.20,468.24,583.30,709.27,490.64,619.63,545.82,851.45
2080,415.29,467.39,585.07,716.01,490.59,622.64,543.53,864.37
2081,414.36,466.48,586.77,722.81,490.49,625.58,541.18,877.48
2082,413.42,465.54,588.38,729.68,490.31,628.46,538.80,890.71
2083,412.46,464.56,589.89,736.63,490.05,631.27,536.44,903.98
2084,411.48,463.56,591.30,743.66,489.69,634.01,534.08,917.30
2085,410.49,462.53,592.61,750.76,489.26,636.68,531.72,930.67
2086,409.48,461.47,593.82,757.95,488.73,639.28,529.36,944.09
2087,408.45,460.38,594.94,765.22,488.13,641.81,527.00,957.57
2088,407.40,459.26,595.97,772.56,487.44,644.28,524.64,971.10
2089,406.34,458.10,596.90,779.98,486.67,646.67,522.28,984.68
2090,405.26,456.92,597.73,787.49,485.82,648.99,519.91,998.32
2091,404.16,455.71,598.48,795.07,484.89,651.24,517.53,1012.02
2092,403.04,454.50,599.15,802.74,483.89,653.43,515.16,1025.74
2093,401.91,453.32,599.78,810.49,482.82,655.54,512.80,1039.45
2094,400.76,452.16,600.35,818.33,481.68,657.59,510.46,1053.15
2095,399.59,451.02,600.89,826.25,480.46,659.57,508.14,1066.85
2096,398.41,449.91,601.37,834.27,479.18,661.47,505.82,1080.53
2097,397.21,448.81,601.80,842.37,477.84,663.31,503.51,1094.21
2098,395.99,447.73,602.18,850.55,476.42,665.08,501.21,1107.89
2099,394.76,446.67,602.51,858.83,474.93,666.78,498.93,1121.55
2100,393.51,445.63,602.78,867.19,473.38,668.40,496.64,1135.21
2101,392.24,444.59,603.01,875.64,471.76,669.96,494.37,1148.86
2102,390.98,443.58,603.22,884.11,470.13,671.49,492.12,1162.47
2103,389.76,442.59,603.46,892.53,468.53,673.02,489.89,1176.03
2104,388.55,441.61,603.72,900.91,466.96,674.57,487.69,1189.53
2105,387.37,440.66,604.01,909.25,465.43,676.12,485.52,1202.98
2106,386.22,439.73,604.32,917.54,463.91,677.67,483.38,1216.37
2107,385.08,438.81,604.65,925.79,462.42,679.22,481.26,1229.70
2108,383.96,437.91,605.00,934.00,460.95,680.78,479.17,1242.97
2109,382.87,437.03,605.36,942.18,459.50,682.34,477.10,1256.19
2110,381.79,436.16,605.73,950.31,458.07,683.89,475.05,1269.35
2111,380.73,435.31,606.12,958.40,456.65,685.45,473.03,1282.45
2112,379.68,434.47,606.53,966.44,455.24,687.00,471.02,1295.49
2113,378.65,433.65,606.94,974.45,453.85,688.55,469.04,1308.47
2114,377.63,432.84,607.37,982.42,452.47,690.09,467.08,1321.39
2115,376.63,432.04,607.80,990.34,451.11,691.64,465.14,1334.25
2116,375.64,431.26,608.25,998.21,449.75,693.18,463.21,1347.05
2117,374.67,430.49,608.70,1006.05,448.40,694.71,461.31,1359.78
2118,373.71,429.73,609.16,1013.84,447.07,696.24,459.42,1372.44
2119,372.76,428.99,609.63,1021.58,445.74,697.76,457.55,1385.04
2120,371.82,428.25,610.11,1029.27,444.42,699.28,455.70,1397.57
2121,370.90,427.53,610.59,1036.92,443.11,700.79,453.86,1410.04
2122,369.98,426.82,611.08,1044.52,441.81,702.29,452.04,1422.43
2123,369.08,426.12,611.58,1052.08,440.51,703.79,450.24,1434.76
2124,368.19,425.43,612.08,1059.58,439.22,705.28,448.45,1447.01
2125,367.31,424.75,612.58,1067.03,437.94,706.76,446.67,1459.19
2126,366.43,424.08,613.09,1074.44,436.66,708.24,444.91,1471.29
2127,365.57,423.42,613.61,1081.79,435.39,709.71,443.17,1483.32
2128,364.72,422.77,614.13,1089.09,434.12,711.16,441.44,1495.28
2129,363.88,422.13,614.65,1096.33,432.86,712.62,439.72,1507.16
2130,363.05,421.50,615.18,1103.53,431.61,714.06,438.02,1518.96
2131,362.22,420.88,615.71,1110.67,430.35,715.49,436.33,1530.68
2132,361.41,420.27,616.25,1117.75,429.11,716.92,434.66,1542.32
2133,360.60,419.67,616.78,1124.78,427.87,718.33,433.00,1553.88
2134,359.80,419.07,617.32,1131.76,426.63,719.74,431.35,1565.36
2135,359.01,418.49,617.87,1138.67,425.40,721.14,429.71,1576.76
2136,358.23,417.91,618.41,1145.53,424.17,722.53,428.09,1588.08
2137,357.45,417.34,618.96,1152.34,422.94,723.91,426.48,1599.31
2138,356.69,416.77,619.51,1159.08,421.72,725.28,424.88,1610.45
2139,355.93,416.22,620.06,1165.77,420.50,726.64,423.30,1621.51
2140,355.18,415.68,620.62,1172.40,419.29,728.00,421.72,1632.49
2141,354.43,415.14,621.18,1178.96,418.08,729.34,420.16,1643.38
2142,353.71,414.61,621.73,1185.47,416.89,730.67,418.65,1654.17
2143,353.02,414.11,622.29,1191.92,415.75,731.99,417.22,1664.88
2144,352.36,413.63,622.86,1198.31,414.64,733.30,415.88,1675.51
2145,351.74,413.16,623.42,1204.63,413.58,734.61,414.62,1686.04
2146,351.14,412.71,623.98,1210.89,412.54,735.90,413.43,1696.48
2147,350.56,412.29,624.55,1217.09,411.55,737.18,412.32,1706.82
2148,350.02,411.88,625.12,1223.23,410.58,738.45,411.28,1717.08
2149,349.50,411.49,625.69,1229.30,409.65,739.71,410.31,1727.24
2150,349.01,411.11,626.26,1235.32,408.75,740.96,409.40,1737.32
2151,348.53,410.75,626.83,1241.26,407.89,742.20,408.56,1747.29
2152,348.08,410.40,627.39,1247.15,407.05,743.43,407.79,1757.17
2153,347.65,410.06,627.95,1252.97,406.24,744.64,407.07,1766.95
2154,347.23,409.73,628.49,1258.74,405.47,745.84,406.41,1776.64
2155,346.84,409.41,629.03,1264.45,404.73,747.02,405.81,1786.22
2156,346.45,409.10,629.55,1270.10,404.02,748.18,405.26,1795.70
2157,346.09,408.80,630.06,1275.70,403.34,749.33,404.78,1805.08
2158,345.74,408.51,630.57,1281.23,402.69,750.47,404.35,1814.36
2159,345.41,408.22,631.06,1286.70,402.07,751.59,403.97,1823.54
2160,345.09,407.95,631.54,1292.11,401.47,752.69,403.65,1832.61
2161,344.80,407.68,632.02,1297.47,400.90,753.78,403.37,1841.58
2162,344.51,407.42,632.48,1302.76,400.36,754.85,403.15,1850.46
2163,344.25,407.17,632.93,1307.99,399.85,755.91,402.99,1859.22
2164,343.99,406.93,633.38,1313.16,399.36,756.95,402.87,1867.89
2165,343.76,406.70,633.81,1318.26,398.90,757.97,402.80,1876.45
2166,343.54,406.48,634.24,1323.31,398.47,758.98,402.79,1884.90
2167,343.33,406.26,634.65,1328.29,398.06,759.98,402.82,1893.24
2168,343.14,406.05,635.06,1333.21,397.67,760.96,402.90,1901.49
2169,342.97,405.86,635.46,1338.07,397.31,761.92,403.03,1909.62
2170,342.80,405.67,635.84,1342.87,396.98,762.87,403.21,1917.65
2171,342.66,405.49,636.22,1347.60,396.67,763.80,403.43,1925.58
2172,342.53,405.31,636.59,1352.27,396.38,764.71,403.66,1933.40
2173,342.41,405.15,636.95,1356.88,396.12,765.61,403.86,1941.11
2174,342.31,404.99,637.29,1361.42,395.89,766.50,404.04,1948.71
2175,342.22,404.84,637.63,1365.90,395.67,767.37,404.19,1956.21
2176,342.14,404.70,637.96,1370.32,395.48,768.22,404.33,1963.60
2177,342.08,404.57,638.28,1374.67,395.32,769.06,404.44,1970.88
2178,342.04,404.45,638.60,1378.96,395.17,769.88,404.54,1978.05
2179,342.00,404.33,638.90,1383.18,395.05,770.68,404.63,1985.11
2180,341.98,404.23,639.19,1387.34,394.96,771.47,404.70,1992.07
2181,341.98,404.13,639.47,1391.44,394.88,772.24,404.76,1998.93
2182,341.99,404.03,639.75,1395.47,394.83,773.00,404.81,2005.67
2183,342.01,403.95,640.02,1399.43,394.80,773.74,404.85,2012.30
2184,342.04,403.87,640.27,1403.33,394.79,774.46,404.88,2018.83
2185,342.09,403.80,640.52,1407.16,394.81,775.17,404.91,2025.25
2186,342.15,403.74,640.75,1410.93,394.85,775.87,404.92,2031.56
2187,342.23,403.69,640.98,1414.64,394.91,776.54,404.93,2037.76
2188,342.31,403.64,641.20,1418.27,394.99,777.20,404.93,2043.85
2189,342.41,403.60,641.41,1421.85,395.09,777.85,404.93,2049.81
2190,342.53,403.58,641.61,1425.35,395.21,778.47,404.93,2055.66
2191,342.65,403.55,641.80,1428.80,395.36,779.09,404.92,2061.42
2192,342.78,403.53,641.98,1432.17,395.51,779.68,404.90,2067.09
2193,342.89,403.51,642.15,1435.48,395.64,780.26,404.88,2072.64
2194,342.99,403.47,642.32,1438.72,395.75,780.82,404.86,2078.06
2195,343.08,403.44,642.47,1441.90,395.85,781.37,404.84,2083.38
2196,343.16,403.40,642.62,1445.01,395.94,781.90,404.81,2088.59
2197,343.23,403.36,642.75,1448.05,396.02,782.41,404.78,2093.68
2198,343.30,403.31,642.88,1451.03,396.10,782.91,404.75,2098.67
2199,343.36,403.26,643.00,1453.94,396.16,783.39,404.71,2103.54
2200,343.41,403.21,643.10,1456.79,396.21,783.86,404.68,2108.31
2201,343.45,403.16,643.20,1459.57,396.26,784.31,404.64,2112.96
2202,343.49,403.10,643.29,1462.28,396.30,784.74,404.60,2117.51
2203,343.53,403.05,643.37,1464.92,396.34,785.15,404.55,2121.95
2204,343.57,402.99,643.44,1467.50,396.37,785.55,404.51,2126.27
2205,343.59,402.93,643.51,1470.01,396.39,785.94,404.47,2130.49
2206,343.62,402.87,643.56,1472.46,396.42,786.30,404.42,2134.59
2207,343.64,402.80,643.60,1474.83,396.43,786.65,404.37,2138.60
2208,343.66,402.74,643.64,1477.14,396.44,786.99,404.33,2142.48
2209,343.68,402.68,643.66,1479.39,396.45,787.30,404.28,2146.26
2210,343.69,402.61,643.68,1481.56,396.46,787.60,404.23,2149.93
2211,343.70,402.54,643.69,1483.67,396.46,787.89,404.17,2153.48
2212,343.71,402.48,643.69,1485.72,396.46,788.16,404.12,2156.92
2213,343.72,402.41,643.67,1487.69,396.46,788.41,404.07,2160.24
2214,343.72,402.34,643.65,1489.60,396.45,788.64,404.02,2163.46
2215,343.72,402.27,643.63,1491.44,396.44,788.86,403.96,2166.57
2216,343.73,402.20,643.59,1493.22,396.43,789.07,403.91,2169.58
2217,343.73,402.13,643.54,1494.92,396.42,789.25,403.85,2172.48
2218,343.72,402.06,643.48,1496.56,396.40,789.42,403.80,2175.27
2219,343.72,401.99,643.42,1498.14,396.39,789.57,403.74,2177.93
2220,343.72,401.92,643.34,1499.64,396.37,789.71,403.68,2180.49
2221,343.71,401.85,643.26,1501.08,396.35,789.83,403.62,2182.95
2222,343.70,401.78,643.17,1502.45,396.32,789.93,403.57,2185.29
2223,343.70,401.70,643.07,1503.76,396.30,790.02,403.51,2187.52
2224,343.69,401.63,642.96,1504.99,396.27,790.09,403.45,2189.65
2225,343.68,401.56,642.84,1506.16,396.25,790.14,403.39,2191.67
2226,343.67,401.49,642.71,1507.26,396.22,790.18,403.33,2193.57
2227,343.66,401.41,642.57,1508.30,396.19,790.20,403.27,2195.33
2228,343.65,401.34,642.42,1509.27,396.16,790.21,403.21,2197.01
2229,343.64,401.27,642.27,1510.17,396.13,790.20,403.15,2198.59
2230,343.63,401.19,642.11,1511.00,396.09,790.17,403.09,2200.07
2231,343.62,401.12,641.93,1511.77,396.06,790.12,403.02,2201.43
2232,343.61,401.05,641.75,1512.47,396.02,790.06,402.96,2202.66
2233,343.59,400.97,641.56,1513.10,395.99,789.98,402.90,2203.79
2234,343.58,400.90,641.36,1513.67,395.95,789.89,402.84,2204.81
2235,343.57,400.83,641.15,1514.17,395.91,789.78,402.77,2205.73
2236,343.55,400.75,640.93,1514.60,395.87,789.65,402.71,2206.53
2237,343.54,400.68,640.71,1514.97,395.83,789.51,402.65,2207.23
2238,343.52,400.60,640.47,1515.27,395.79,789.35,402.58,2207.81
2239,343.51,400.53,640.23,1515.50,395.75,789.17,402.52,2208.29
2240,343.49,400.45,639.97,1515.66,395.71,788.98,402.46,2208.65
2241,343.47,400.38,639.71,1515.76,395.66,788.77,402.39,2208.91
2242,343.46,400.31,639.44,1515.79,395.62,788.54,402.33,2209.07
2243,343.44,400.23,639.16,1515.76,395.57,788.30,402.26,2209.11
2244,343.42,400.16,638.87,1515.66,395.53,788.04,402.20,2209.03
2245,343.40,400.08,638.57,1515.49,395.48,787.77,402.13,2208.84
2246,343.39,400.01,638.27,1515.25,395.43,787.48,402.06,2208.57
2247,343.37,399.94,637.95,1514.95,395.39,787.17,402.00,2208.19
2248,343.35,399.86,637.63,1514.58,395.34,786.85,401.93,2207.69
2249,343.33,399.79,637.30,1514.15,395.29,786.51,401.86,2207.07
2250,343.31,399.71,636.96,1513.65,395.24,786.15,401.80,2206.35
2251,343.29,399.64,636.61,1513.08,395.19,785.78,401.73,2205.52
2252,343.27,399.57,636.26,1512.48,395.14,785.40,401.66,2204.64
2253,343.25,399.49,635.91,1511.89,395.08,785.03,401.60,2203.75
2254,343.23,399.42,635.56,1511.29,395.03,784.66,401.53,2202.86
2255,343.21,399.34,635.22,1510.69,394.98,784.29,401.46,2201.97
2256,343.19,399.27,634.87,1510.10,394.92,783.92,401.40,2201.10
2257,343.17,399.19,634.53,1509.50,394.87,783.55,401.33,2200.22
2258,343.15,399.12,634.19,1508.89,394.81,783.19,401.26,2199.34
2259,343.12,399.04,633.85,1508.29,394.75,782.82,401.19,2198.44
2260,343.10,398.97,633.52,1507.68,394.69,782.46,401.13,2197.54
2261,343.08,398.89,633.18,1507.08,394.64,782.10,401.06,2196.63
2262,343.05,398.81,632.85,1506.47,394.58,781.74,400.99,2195.73
2263,343.03,398.74,632.52,1505.86,394.52,781.38,400.92,2194.83
2264,343.00,398.66,632.19,1505.24,394.46,781.02,400.86,2193.95
2265,342.98,398.58,631.86,1504.63,394.40,780.66,400.79,2193.06
2266,342.95,398.51,631.53,1504.01,394.33,780.30,400.72,2192.16
2267,342.92,398.43,631.20,1503.39,394.27,779.95,400.65,2191.25
2268,342.90,398.35,630.88,1502.77,394.21,779.59,400.58,2190.34
2269,342.87,398.27,630.56,1502.15,394.15,779.24,400.52,2189.43
2270,342.84,398.20,630.23,1501.53,394.09,778.88,400.45,2188.53
2271,342.82,398.12,629.91,1500.90,394.03,778.53,400.38,2187.62
2272,342.79,398.05,629.60,1500.28,393.97,778.18,400.31,2186.72
2273,342.76,397.97,629.28,1499.66,393.91,777.83,400.24,2185.82
2274,342.74,397.89,628.97,1499.03,393.85,777.48,400.18,2184.90
2275,342.71,397.82,628.65,1498.40,393.79,777.13,400.11,2183.99
2276,342.68,397.74,628.34,1497.78,393.73,776.78,400.04,2183.09
2277,342.65,397.66,628.03,1497.15,393.67,776.44,399.98,2182.19
2278,342.63,397.59,627.72,1496.52,393.61,776.09,399.91,2181.29
2279,342.60,397.51,627.42,1495.89,393.55,775.75,399.84,2180.40
2280,342.57,397.44,627.11,1495.27,393.49,775.41,399.77,2179.50
2281,342.54,397.36,626.81,1494.64,393.43,775.06,399.71,2178.60
2282,342.52,397.29,626.51,1494.01,393.38,774.72,399.64,2177.70
2283,342.49,397.21,626.21,1493.38,393.32,774.38,399.57,2176.80
2284,342.46,397.14,625.91,1492.75,393.26,774.04,399.51,2175.91
2285,342.43,397.06,625.61,1492.12,393.20,773.70,399.44,2175.01
2286,342.40,396.99,625.31,1491.50,393.14,773.36,399.37,2174.12
2287,342.38,396.91,625.02,1490.87,393.08,773.03,399.31,2173.23
2288,342.35,396.84,624.73,1490.24,393.03,772.69,399.24,2172.34
2289,342.32,396.76,624.44,1489.62,392.97,772.36,399.17,2171.46
2290,342.29,396.69,624.15,1488.99,392.91,772.02,399.11,2170.57
2291,342.26,396.62,623.86,1488.36,392.86,771.69,399.04,2169.68
2292,342.24,396.54,623.57,1487.74,392.80,771.36,398.98,2168.79
2293,342.21,396.47,623.28,1487.11,392.74,771.03,398.91,2167.91
2294,342.18,396.40,623.00,1486.49,392.68,770.69,398.85,2167.03
2295,342.15,396.32,622.72,1485.86,392.63,770.36,398.78,2166.14
2296,342.12,396.25,622.43,1485.24,392.57,770.04,398.72,2165.27
2297,342.10,396.18,622.15,1484.61,392.52,769.71,398.65,2164.40
2298,342.07,396.11,621.87,1483.99,392.46,769.38,398.59,2163.52
2299,342.04,396.03,621.59,1483.37,392.41,769.05,398.52,2162.63
2300,342.01,395.96,621.32,1482.75,392.35,768.73,398.46,2161.74
2301,341.98,395.89,621.04,1482.12,392.30,768.40,398.39,2160.87
2302,341.95,395.82,620.77,1481.50,392.24,768.08,398.33,2160.00
2303,341.93,395.75,620.49,1480.88,392.19,767.76,398.27,2159.14
2304,341.90,395.68,620.22,1480.26,392.13,767.43,398.20,2158.27
2305,341.87,395.60,619.95,1479.64,392.08,767.11,398.14,2157.40
2306,341.84,395.53,619.68,1479.02,392.03,766.79,398.07,2156.53
2307,341.82,395.46,619.41,1478.40,391.97,766.47,398.01,2155.66
2308,341.79,395.39,619.14,1477.79,391.92,766.15,397.95,2154.79
2309,341.76,395.32,618.88,1477.17,391.87,765.83,397.88,2153.92
2310,341.73,395.25,618.61,1476.55,391.81,765.51,397.82,2153.06
2311,341.70,395.18,618.34,1475.94,391.76,765.19,397.76,2152.22
2312,341.67,395.11,618.08,1475.32,391.71,764.88,397.69,2151.37
2313,341.65,395.04,617.82,1474.71,391.65,764.56,397.63,2150.52
2314,341.62,394.97,617.56,1474.09,391.60,764.24,397.57,2149.66
2315,341.59,394.90,617.29,1473.48,391.55,763.93,397.50,2148.81
2316,341.56,394.83,617.03,1472.87,391.50,763.61,397.44,2147.95
2317,341.54,394.76,616.78,1472.25,391.45,763.30,397.38,2147.09
2318,341.51,394.70,616.52,1471.64,391.39,762.99,397.32,2146.24
2319,341.48,394.63,616.26,1471.03,391.34,762.68,397.25,2145.39
2320,341.45,394.56,616.00,1470.42,391.29,762.36,397.19,2144.54
2321,341.42,394.49,615.75,1469.81,391.24,762.05,397.13,2143.70
2322,341.39,394.42,615.49,1469.20,391.19,761.74,397.07,2142.86
2323,341.37,394.35,615.24,1468.59,391.14,761.43,397.00,2142.02
2324,341.34,394.28,614.99,1467.98,391.09,761.12,396.94,2141.17
2325,341.31,394.22,614.74,1467.38,391.04,760.82,396.88,2140.31
2326,341.28,394.15,614.48,1466.77,390.99,760.51,396.82,2139.46
2327,341.25,394.08,614.23,1466.16,390.94,760.20,396.76,2138.62
2328,341.23,394.01,613.99,1465.56,390.89,759.89,396.69,2137.80
2329,341.20,393.95,613.74,1464.95,390.83,759.59,396.63,2136.96
2330,341.17,393.88,613.49,1464.35,390.79,759.28,396.57,2136.14
2331,341.14,393.81,613.24,1463.74,390.73,758.97,396.51,2135.32
2332,341.11,393.74,613.00,1463.14,390.68,758.67,396.45,2134.47
2333,341.08,393.68,612.75,1462.54,390.64,758.37,396.39,2133.62
2334,341.06,393.61,612.51,1461.93,390.59,758.06,396.33,2132.80
2335,341.03,393.54,612.26,1461.33,390.54,757.76,396.26,2131.99
2336,341.00,393.48,612.02,1460.73,390.49,757.46,396.20,2131.14
2337,340.97,393.41,611.78,1460.13,390.44,757.16,396.14,2130.29
2338,340.94,393.34,611.54,1459.53,390.39,756.85,396.08,2129.47
2339,340.91,393.28,611.30,1458.93,390.34,756.55,396.02,2128.65
2340,340.89,393.21,611.06,1458.34,390.29,756.25,395.96,2127.83
2341,340.86,393.14,610.82,1457.74,390.24,755.95,395.90,2127.00
2342,340.83,393.08,610.58,1457.14,390.19,755.65,395.84,2126.18
2343,340.80,393.01,610.34,1456.54,390.14,755.36,395.77,2125.38
2344,340.77,392.95,610.10,1455.95,390.10,755.06,395.71,2124.57
2345,340.74,392.88,609.87,1455.35,390.05,754.76,395.65,2123.75
2346,340.71,392.82,609.63,1454.76,390.00,754.46,395.59,2122.92
2347,340.68,392.75,609.40,1454.16,389.95,754.17,395.53,2122.10
2348,340.66,392.68,609.16,1453.57,389.90,753.87,395.47,2121.29
2349,340.63,392.62,608.93,1452.98,389.86,753.57,395.41,2120.48
2350,340.60,392.55,608.69,1452.39,389.81,753.28,395.35,2119.67
2351,340.57,392.49,608.46,1451.79,389.76,752.98,395.29,2118.86
2352,340.54,392.42,608.23,1451.20,389.71,752.69,395.22,2118.05
2353,340.51,392.36,608.00,1450.61,389.66,752.40,395.16,2117.24
2354,340.48,392.29,607.77,1450.02,389.62,752.10,395.10,2116.43
2355,340.45,392.23,607.54,1449.43,389.57,751.81,395.04,2115.63
2356,340.42,392.16,607.31,1448.85,389.52,751.52,394.98,2114.82
2357,340.39,392.10,607.08,1448.26,389.48,751.23,394.92,2114.02
2358,340.36,392.04,606.85,1447.67,389.43,750.94,394.86,2113.21
2359,340.34,391.97,606.63,1447.09,389.38,750.65,394.80,2112.41
2360,340.31,391.91,606.40,1446.50,389.33,750.35,394.73,2111.60
2361,340.28,391.84,606.17,1445.91,389.29,750.07,394.67,2110.81
2362,340.25,391.78,605.95,1445.33,389.24,749.78,394.61,2110.01
2363,340.22,391.71,605.72,1444.75,389.19,749.49,394.55,2109.22
2364,340.19,391.65,605.50,1444.16,389.15,749.20,394.49,2108.42
2365,340.17,391.58,605.27,1443.58,389.10,748.91,394.43,2107.62
2366,340.14,391.52,605.05,1443.00,389.05,748.62,394.37,2106.83
2367,340.11,391.46,604.83,1442.42,389.01,748.34,394.32,2106.03
2368,340.08,391.39,604.60,1441.84,388.96,748.05,394.26,2105.24
2369,340.05,391.33,604.38,1441.26,388.91,747.77,394.20,2104.45
2370,340.02,391.27,604.16,1440.68,388.87,747.48,394.14,2103.66
2371,340.00,391.20,603.94,1440.10,388.82,747.19,394.08,2102.88
2372,339.97,391.14,603.72,1439.52,388.78,746.91,394.02,2102.09
2373,339.94,391.08,603.50,1438.94,388.73,746.63,393.96,2101.30
2374,339.91,391.02,603.28,1438.37,388.68,746.34,393.90,2100.53
2375,339.89,390.95,603.06,1437.79,388.64,746.06,393.85,2099.74
2376,339.86,390.89,602.85,1437.21,388.59,745.78,393.79,2098.95
2377,339.83,390.83,602.63,1436.64,388.55,745.49,393.73,2098.17
2378,339.80,390.77,602.41,1436.06,388.50,745.21,393.67,2097.39
2379,339.78,390.71,602.20,1435.49,388.45,744.93,393.61,2096.61
2380,339.75,390.64,601.98,1434.92,388.41,744.65,393.56,2095.83
2381,339.72,390.58,601.76,1434.35,388.36,744.37,393.50,2095.04
2382,339.70,390.52,601.55,1433.77,388.32,744.09,393.44,2094.26
2383,339.67,390.46,601.33,1433.20,388.27,743.81,393.39,2093.49
2384,339.64,390.40,601.12,1432.63,388.23,743.53,393.33,2092.73
2385,339.61,390.34,600.91,1432.06,388.18,743.25,393.27,2091.95
2386,339.59,390.28,600.69,1431.49,388.14,742.97,393.21,2091.17
2387,339.56,390.22,600.48,1430.92,388.09,742.70,393.16,2090.39
2388,339.54,390.16,600.27,1430.36,388.05,742.42,393.10,2089.62
2389,339.51,390.10,600.06,1429.79,388.00,742.14,393.05,2088.87
2390,339.48,390.04,599.85,1429.22,387.96,741.86,392.99,2088.09
2391,339.45,389.98,599.64,1428.66,387.91,741.59,392.93,2087.30
2392,339.43,389.92,599.43,1428.09,387.87,741.31,392.88,2086.55
2393,339.40,389.86,599.22,1427.53,387.82,741.04,392.82,2085.80
2394,339.38,389.80,599.01,1426.96,387.78,740.76,392.77,2085.03
2395,339.35,389.74,598.80,1426.40,387.73,740.49,392.71,2084.25
2396,339.32,389.68,598.59,1425.84,387.69,740.21,392.65,2083.48
2397,339.30,389.63,598.38,1425.28,387.65,739.94,392.60,2082.73
2398,339.27,389.57,598.17,1424.71,387.60,739.67,392.54,2081.97
2399,339.24,389.51,597.97,1424.15,387.56,739.39,392.49,2081.23
2400,339.22,389.45,597.76,1423.59,387.51,739.12,392.43,2080.48
2401,339.19,389.39,597.55,1423.03,387.47,738.85,392.38,2079.70
2402,339.17,389.33,597.35,1422.48,387.42,738.58,392.32,2078.95
2403,339.14,389.28,597.14,1421.92,387.38,738.31,392.27,2078.22
2404,339.12,389.22,596.94,1421.36,387.34,738.04,392.21,2077.46
2405,339.09,389.16,596.73,1420.80,387.29,737.77,392.16,2076.69
2406,339.06,389.10,596.53,1420.25,387.25,737.50,392.11,2075.94
2407,339.04,389.05,596.32,1419.69,387.20,737.23,392.05,2075.19
2408,339.01,388.99,596.12,1419.14,387.16,736.96,392.00,2074.44
2409,338.99,388.93,595.92,1418.58,387.12,736.69,391.94,2073.69
2410,338.96,388.88,595.72,1418.03,387.07,736.42,391.89,2072.95
2411,338.94,388.82,595.51,1417.48,387.03,736.15,391.84,2072.20
2412,338.91,388.76,595.31,1416.92,386.99,735.89,391.78,2071.44
2413,338.89,388.70,595.11,1416.37,386.94,735.62,391.73,2070.71
2414,338.86,388.65,594.91,1415.82,386.90,735.35,391.68,2069.97
2415,338.83,388.59,594.71,1415.27,386.86,735.09,391.62,2069.22
2416,338.81,388.54,594.51,1414.72,386.81,734.82,391.57,2068.48
2417,338.79,388.48,594.30,1414.17,386.77,734.56,391.52,2067.74
2418,338.76,388.42,594.10,1413.63,386.73,734.29,391.46,2067.00
2419,338.73,388.37,593.91,1413.08,386.68,734.03,391.41,2066.26
2420,338.71,388.31,593.71,1412.53,386.64,733.76,391.36,2065.53
2421,338.68,388.26,593.51,1411.98,386.60,733.50,391.30,2064.79
2422,338.66,388.20,593.31,1411.44,386.55,733.24,391.25,2064.05
2423,338.64,388.15,593.11,1410.89,386.51,732.97,391.20,2063.32
2424,338.61,388.09,592.91,1410.35,386.47,732.71,391.15,2062.59
2425,338.59,388.04,592.71,1409.81,386.42,732.45,391.10,2061.86
2426,338.56,387.98,592.52,1409.26,386.38,732.19,391.04,2061.13
2427,338.54,387.93,592.32,1408.72,386.34,731.93,390.99,2060.40
2428,338.51,387.87,592.12,1408.18,386.30,731.66,390.94,2059.66
2429,338.49,387.82,591.93,1407.64,386.25,731.41,390.89,2058.93
2430,338.46,387.76,591.73,1407.10,386.21,731.15,390.83,2058.21
2431,338.44,387.71,591.54,1406.56,386.17,730.89,390.78,2057.49
2432,338.41,387.66,591.34,1406.02,386.13,730.63,390.73,2056.77
2433,338.39,387.60,591.15,1405.48,386.08,730.37,390.68,2056.05
2434,338.37,387.55,590.96,1404.94,386.04,730.11,390.63,2055.32
2435,338.34,387.49,590.76,1404.41,386.00,729.85,390.58,2054.60
2436,338.32,387.44,590.57,1403.87,385.96,729.59,390.53,2053.87
2437,338.29,387.39,590.38,1403.33,385.92,729.34,390.48,2053.14
2438,338.27,387.33,590.19,1402.80,385.87,729.08,390.42,2052.42
2439,338.24,387.28,589.99,1402.26,385.83,728.82,390.37,2051.70
2440,338.22,387.23,589.80,1401.73,385.79,728.57,390.32,2050.98
2441,338.20,387.17,589.61,1401.20,385.75,728.31,390.27,2050.26
2442,338.17,387.12,589.42,1400.66,385.70,728.05,390.22,2049.55
2443,338.15,387.07,589.23,1400.13,385.66,727.80,390.17,2048.83
2444,338.13,387.02,589.05,1399.60,385.62,727.54,390.12,2048.12
2445,338.10,386.96,588.86,1399.07,385.58,727.29,390.07,2047.41
2446,338.08,386.91,588.67,1398.54,385.54,727.04,390.02,2046.70
2447,338.05,386.86,588.48,1398.01,385.49,726.78,389.97,2045.98
2448,338.03,386.81,588.29,1397.48,385.45,726.53,389.92,2045.28
2449,338.01,386.75,588.11,1396.95,385.41,726.28,389.87,2044.58
2450,337.98,386.70,587.92,1396.43,385.37,726.03,389.82,2043.88
2451,337.96,386.65,587.73,1395.90,385.33,725.77,389.77,2043.17
2452,337.93,386.60,587.55,1395.37,385.29,725.52,389.72,2042.46
2453,337.91,386.55,587.36,1394.85,385.24,725.27,389.67,2041.75
2454,337.89,386.49,587.18,1394.32,385.20,725.02,389.62,2041.05
2455,337.86,386.44,586.99,1393.80,385.16,724.77,389.57,2040.36
2456,337.84,386.39,586.81,1393.28,385.12,724.52,389.52,2039.65
2457,337.82,386.34,586.63,1392.75,385.08,724.27,389.47,2038.94
2458,337.80,386.29,586.45,1392.23,385.04,724.02,389.42,2038.24
2459,337.77,386.24,586.26,1391.71,385.00,723.77,389.38,2037.55
2460,337.75,386.19,586.08,1391.19,384.95,723.52,389.33,2036.86
2461,337.73,386.14,585.90,1390.67,384.91,723.28,389.28,2036.15
2462,337.70,386.09,585.72,1390.15,384.87,723.03,389.23,2035.45
2463,337.68,386.04,585.53,1389.63,384.83,722.78,389.18,2034.75
2464,337.66,385.98,585.35,1389.11,384.79,722.53,389.13,2034.06
2465,337.63,385.93,585.17,1388.60,384.75,722.29,389.08,2033.37
2466,337.61,385.88,584.99,1388.08,384.71,722.04,389.03,2032.69
2467,337.59,385.83,584.81,1387.56,384.67,721.79,388.98,2032.00
2468,337.56,385.78,584.64,1387.05,384.63,721.55,388.94,2031.30
2469,337.54,385.73,584.46,1386.53,384.58,721.30,388.89,2030.60
2470,337.52,385.68,584.28,1386.02,384.54,721.06,388.84,2029.92
2471,337.50,385.63,584.10,1385.50,384.50,720.81,388.79,2029.24
2472,337.47,385.58,583.92,1384.99,384.46,720.57,388.74,2028.55
2473,337.45,385.53,583.74,1384.48,384.42,720.33,388.70,2027.85
2474,337.43,385.48,583.57,1383.97,384.38,720.08,388.65,2027.16
2475,337.40,385.43,583.39,1383.45,384.34,719.84,388.60,2026.47
2476,337.38,385.39,583.22,1382.94,384.30,719.60,388.55,2025.79
2477,337.36,385.34,583.04,1382.43,384.26,719.35,388.51,2025.11
2478,337.34,385.29,582.86,1381.93,384.22,719.11,388.46,2024.43
2479,337.32,385.24,582.69,1381.42,384.18,718.87,388.41,2023.74
2480,337.29,385.19,582.51,1380.91,384.14,718.63,388.36,2023.07
2481,337.27,385.14,582.34,1380.40,384.10,718.39,388.32,2022.42
2482,337.25,385.09,582.17,1379.89,384.06,718.15,388.27,2021.72
2483,337.23,385.04,581.99,1379.39,384.02,717.91,388.22,2021.04
2484,337.20,384.99,581.82,1378.88,383.98,717.67,388.17,2020.40
2485,337.18,384.95,581.65,1378.38,383.94,717.43,388.13,2019.70
2486,337.16,384.90,581.47,1377.87,383.90,717.19,388.08,2019.02
2487,337.14,384.85,581.30,1377.37,383.86,716.95,388.03,2018.37
2488,337.11,384.80,581.13,1376.87,383.82,716.71,387.99,2017.67
2489,337.09,384.75,580.96,1376.36,383.78,716.47,387.94,2016.99
2490,337.07,384.70,580.79,1375.86,383.74,716.23,387.89,2016.35
2491,337.05,384.66,580.62,1375.36,383.70,716.00,387.85,2015.68
2492,337.03,384.61,580.45,1374.86,383.66,715.76,387.80,2015.00
2493,337.01,384.56,580.28,1374.36,383.62,715.52,387.75,2014.33
2494,336.98,384.51,580.11,1373.86,383.58,715.29,387.71,2013.67
2495,336.96,384.47,579.94,1373.36,383.54,715.05,387.66,2013.01
2496,336.94,384.42,579.77,1372.87,383.50,714.81,387.61,2012.34
2497,336.92,384.37,579.60,1372.37,383.46,714.58,387.57,2011.67
2498,336.90,384.33,579.43,1371.87,383.42,714.34,387.52,2011.01
2499,336.87,384.28,579.26,1371.38,383.38,714.11,387.48,2010.36
2500,336.86,384.25,579.18,1371.13,383.36,713.99,387.45,2010.02