time,r1i1p1f1/2,r2i1p1f1/2,r3i1p1f1/2,r4i1p1f1,r5i1p1f1,r6i1p1f1,r7i1p1f1,r8i1p1f1,r9i1p1f1,r10i1p1f1
1850.5,595.7097977148361,594.5844061877748,593.8010992831995,593.8463083789258,592.8658352261241,590.4144734439272,590.6451588050171,591.8509232601675,591.2476538747401,590.328301965314
1851.5,596.3819124634192,594.9323907592702,593.9531329855442,594.9166684832902,592.9458248038138,590.9016487780192,591.9418605677773,592.3120334724055,591.9154795275205,590.9476516274995
1852.5,596.977594496786,596.2444029919099,594.8503614889308,595.0687600989988,593.5403987681619,591.6991916491594,593.0508767404731,592.4496888294823,592.1670363439863,591.8062558247284
1853.5,598.4791392347823,596.6534299524252,595.5423198809726,595.9405191465335,594.108570250281,592.5691181094481,593.9902012457791,592.4958014939226,592.0737130658962,592.2157273554794
1854.5,599.3677568826248,597.2965266989617,596.1049594344734,596.8339477116316,595.0770391049555,593.2789405699776,595.431479413402,592.9098821469205,592.3729722586254,593.490243891187
1855.5,599.2435862215184,598.3899788053692,596.7049483985543,597.6813023881923,595.3957473687772,593.5263699070009,595.8001341462451,593.2894716843828,593.0850796919345,594.4146531001562
1856.5,599.1288437158013,599.1093127844694,597.1514349853944,598.0056568042223,595.8231688361009,593.7576898101919,595.7749719919284,594.803650453193,593.8961826065362,594.3629810533575
1857.5,599.4233667375889,599.6417045286051,597.8490334176804,598.1895743183677,597.0122811951704,594.1828826149617,596.1373011425953,595.4261455725358,594.2356947935411,594.695068907408
1858.5,600.0617679928132,600.0839220588689,599.0044157510292,598.0989193634566,598.0516595535063,594.7759372051712,596.5451208399219,595.8834524398168,595.1974295664112,595.3105679320623
1859.5,600.736822095111,600.1976473734586,599.8663920490651,598.6160042447736,598.3104319943849,595.4154956255186,597.3544049943439,596.5630439239312,595.2852134011731,596.6222107415649
1860.5,601.3486851023481,600.3011475726289,599.5952529006518,599.4675214694229,599.4188272516535,595.6723803712789,598.3757735990167,596.9464459241984,595.5337514083918,596.95302700651
1861.5,601.7905628675298,600.8384472238757,599.9044709876789,599.7702545622287,600.0661751196589,596.4117254215735,598.1199308930244,597.0407660536011,596.092073710977,596.3558356186177
1862.5,602.9602275582525,600.9522620136108,600.4305201162962,599.9095275858491,599.8617745103433,596.8325636022705,598.6281538272916,597.6519873046157,596.27873910403,596.2407587584098
1863.5,603.2904337289527,600.8245722639728,600.6512874631097,600.5214013140724,599.9940276927923,596.8822101842702,599.0771028342604,597.9812836944415,596.1859126985562,596.5578325227377
1864.5,602.992817953173,601.1695315134726,600.9820723666658,600.5942166483518,600.5099899766516,597.1854614914681,599.3599161345475,598.0545769642682,596.3979456479955,597.0040026901944
1865.5,602.820997819361,601.5648457316221,601.8687969087989,601.01897099485,600.7791552612738,597.0169290933202,598.6304176586875,598.4849006125419,597.080931476458,597.7272072458559
1866.5,603.1548383041442,601.9788580508583,602.2066894253376,601.3699167628168,601.0135853525837,597.4524283727683,598.3845592968106,598.5799514723318,597.1941479950916,598.0959173871596
1867.5,603.553431340502,602.2782324691387,602.1440093305476,601.8041757143527,601.2309310015054,598.2023424116056,598.3281974698792,598.822197763667,597.1390117672413,598.244957229094
1868.5,604.1816301246325,602.7903494258619,602.7247567297244,601.7006612873317,601.1906710936966,598.4485617801445,599.1177778546422,598.8927708087188,597.5015209703566,598.8415607662826
1869.5,604.7453263465366,602.9997658535221,603.3729515556295,601.9297094436324,601.579154841363,598.6694776176251,599.9709985137238,599.0126004724262,599.0613321635486,599.147483803328
1870.5,604.9952002687771,603.052524226779,603.7317058085193,602.4145527127628,601.6422692863831,599.2386585757696,601.2273894690402,599.124899194495,599.5105932814672,599.3393295367736
1871.5,606.143683397097,603.6202672702397,604.0581690525297,602.9889447715124,602.742491244614,599.8723539192839,601.2574585285065,599.3297812462226,599.4163182403238,599.5686117512375
1872.5,606.855422108642,604.5117573407811,604.1828597315587,603.2893212513042,603.395839057368,600.6154030201691,600.8216292030012,600.0534848788152,599.4204300891697,600.7041618634869
1873.5,607.1151883949492,604.9914845954352,604.4605844711097,603.8305221391287,603.0940260656382,601.0467198124984,600.9822969061964,600.9715783248292,599.9186341116562,601.1053810404524
1874.5,607.4866872951822,605.4787844733188,605.3787632842277,604.6943118869492,603.3218647544351,601.5546089934514,601.9331967699904,601.4865850381822,601.069464234161,601.5142279485194
1875.5,607.8749709511739,606.8722587659971,606.2630134828926,605.1197800306885,604.2056195834257,602.4184563540475,602.5139369550458,602.0857061033715,601.2392512882681,602.5276681334999
1876.5,608.3094959234388,607.6438081555171,606.4298321264068,604.9645511739052,604.7709114287245,602.4570470945011,603.1669681480241,602.5599419086446,601.2029493280473,602.9087433792007
1877.5,608.7765563831443,607.4884629710252,606.3913405801234,605.0916486642097,605.3144660238747,602.7672793667717,603.8795731553224,602.5883988123546,601.9149767046474,603.0747949211318
1878.5,609.588574188623,608.2611761386132,607.0577813219737,605.6274306446521,605.5571054848299,603.4296462341098,604.5862858285174,602.7644111523103,602.574730456875,603.3690899967202
1879.5,609.9462137595496,608.8101908217553,608.210097152717,605.8388354645429,605.5013109683954,603.6748011189472,604.5106770260907,603.4658398823126,602.4882934585132,603.9258773947663
1880.5,609.8545863009857,609.6837739398646,607.9434025043063,606.13716694129,606.0010740426884,603.8039651544649,604.909936867704,604.6116407601911,603.017780717188,604.4336527529139
1881.5,609.8688391005006,610.0918026463214,607.3989821143834,606.5678285511154,606.5894313380553,604.2460865966385,605.0179922836023,605.7432302195571,603.3851414169923,604.175425378991
1882.5,610.2721848401618,610.1880721916593,608.2116109158723,606.8427206458317,607.5947946126767,604.4647395044883,605.1162486180324,605.8838244293681,603.8344872006419,604.2393054226521
1883.5,611.0398576413528,610.7489728412975,609.4117525645129,607.7105736473743,608.4928998322141,605.2159238298813,605.5481069704527,606.0334514206332,604.1266525072583,604.82832160778
1884.5,610.9277290523153,610.6246167171516,609.4145857103283,607.5303957534462,608.1563852128764,605.0465189238198,605.2814873689446,605.7372788699321,603.8868797578225,605.0286297061031
1885.5,610.819395692348,610.2848003346913,609.3442981240553,607.4860273032638,607.657884910429,605.4928148374217,605.8362472982691,605.5352524079534,603.7454483091363,605.0217259922479
1886.5,611.0525213302215,610.7159186384841,609.8130837607536,607.6578047535238,607.7094789044412,605.9905715843769,606.0685608464966,605.4855935018296,603.8812268924735,605.4149195592734
1887.5,611.1380076676874,610.9738752824597,610.0189008427805,608.0208216504376,608.3985035537514,606.4907151033815,606.662703065714,605.5065151554674,604.4684982621668,606.0676532699372
1888.5,611.4614359708736,611.3546659711467,610.0342296485521,608.8245597485868,608.5745487580383,606.6161225855354,607.736258224321,606.0539683820957,604.2980267682851,606.2281460306868
1889.5,612.3474286804619,611.6918171365082,610.5302893736275,609.7250815986209,609.5773904968132,606.7981222455272,608.266439641795,606.941296305333,604.7836881388296,605.8074088476903
1890.5,612.5589278851085,613.0123649773973,611.2376166498932,610.466587378492,609.860771909166,607.213770467003,608.604257812804,607.8672743853299,605.4968889123261,605.8385987010842
1891.5,612.5787668193489,614.0704028613093,611.8430135999778,612.31067503608,609.8362704481407,608.0940272486494,608.7165730672347,608.287818390185,605.9048298469718,606.4827012163889
1892.5,613.128732063191,614.5359449488373,612.8205181417942,613.191393922285,609.9585872804214,608.4292212829735,608.7133722016166,608.8271736652663,606.5252532109029,607.0385938629805
1893.5,613.6985596871683,614.7600092493591,613.5412042676893,613.7276490288606,610.3612802422855,609.0847521690414,609.4105944976245,609.361241891075,607.0381515972558,607.4426340620294
1894.5,613.9062044468308,615.0161059525449,613.5505130894859,613.9029808366909,610.7802544743477,610.274955363395,609.7452833430536,610.3534325806752,607.7159559831683,608.2176418212256
1895.5,614.05010623114,615.5501423159837,613.7193834491857,614.0783444066948,611.4399249635901,610.5534820727827,609.9673046444534,610.686721986735,608.2007229028466,608.3824697679985
1896.5,615.1101069572687,617.0102941283158,614.4918194742737,614.2569420072364,612.330921868772,610.8595504944149,610.8210152626182,611.1887936800948,608.7679865078178,608.649959572909
1897.5,616.1337376900034,617.7852248366869,614.9415351820411,614.7696142509205,613.3818827997175,611.8579926210541,611.7593389087662,611.6696525498587,609.397521808147,609.4405827990091
1898.5,616.4570357382185,618.3426708239057,615.288987712078,615.7637805076463,613.8717755530929,612.4369400969239,612.4431604731619,612.2090300684813,609.6203908690158,610.2996862735615
1899.5,617.5555272090616,619.5704644005357,616.6169351374772,616.4598496463765,614.4855516050692,612.5789020841264,612.53744964196,613.2696378829711,609.9732885578211,610.9091060983271
1900.5,618.2547741682997,620.4347764707899,617.2616575662478,617.180643382917,615.0539560431943,613.0536458837864,612.43571690255,613.9552039622131,610.8976676077548,611.1614728001242
1901.5,618.369871869303,620.9614756719086,617.5600236106604,617.8268581328708,615.7191313079032,613.6545120649989,612.625837559199,614.1177584587613,611.8439358051725,611.7747468694818
1902.5,619.1793818658056,621.025081578954,618.403827737104,617.936638825958,616.3426221764012,614.191748592683,613.4549950151346,614.5029714039098,611.9158131032683,612.4009105699846
1903.5,620.1836414800379,621.5532472506536,619.1086608310676,618.2355834028342,616.7784775529008,615.20563254633,614.5969973574705,614.7779872408485,612.6336037613545,613.5063056544867
1904.5,620.9818964450847,621.8464964790211,620.0579308043898,618.8837912542365,617.1372933262154,615.9334382085476,614.97742744028,615.84817130061,613.8619852888843,614.4417677993141
1905.5,621.8034169518746,621.3989672512362,620.7547796694156,619.9000134850052,617.908446239643,616.7827088355357,615.1747494934909,616.0105050650805,614.8848668551433,615.1382857165177
1906.5,622.4728780059139,621.3853776499158,620.8917127125803,620.2221865310554,618.4950458944705,617.9522083028376,616.0815166686,616.2430328326371,615.5523336053803,616.2715478501035
1907.5,622.9942890556023,622.4998932876833,621.4428172866342,621.2710642842301,619.0843438311203,618.3901776173201,616.8372189377601,617.0381368297395,616.5836231300174,616.861275227373
1908.5,623.0693519895043,623.5023098942722,622.3466310805699,622.0287690732752,619.7253343547757,618.874762781216,616.9760935815616,617.7841306949305,616.6438618458665,617.2715553409056
1909.5,623.4626198018633,624.945669235743,623.0666304621795,622.714077748655,620.4268944419065,619.6235467078858,617.5099694307977,618.7100329264558,616.8643241956555,617.8850292013493
1910.5,624.6288781247022,625.6278700275151,623.3523691889192,623.8066580485221,621.2619003460397,620.877442979919,618.5066339778673,619.1885209553553,617.5569153262679,618.3624184794703
1911.5,625.0582443989389,625.9408849467507,624.3071693875256,624.1546564470837,622.3202879144508,621.1566944079261,619.2868849004307,620.2332163216073,618.5223437293309,619.0431912759755
1912.5,625.6538144130308,627.3895334416134,625.7591361778724,624.537652552822,623.3014242654469,622.2149154503667,620.1099578460826,621.805157959856,619.639688104284,619.8375490122903
1913.5,626.3034352302799,628.0823474084222,626.43317859983,625.3685385924188,624.5074356038655,623.606941708552,620.8921926520504,623.1950019462967,620.5967463229107,620.6583643387064
1914.5,627.195221480586,628.1023936484586,626.8586570637708,626.7052972656253,625.4751875552188,624.1009547272484,622.2003573532388,623.9456461143445,621.5266790440232,621.3865148760087
1915.5,628.7143174747476,629.1136219036393,627.9611497669307,627.2201152094664,625.9228606646486,624.6610801594169,623.4431653201797,624.3060375720237,622.6197396841446,622.1880923447775
1916.5,629.403157262195,631.0266353818768,628.8878279172988,627.6073940986511,626.8780766772007,624.669048757758,624.0889838946292,625.0267138786979,623.5765053300672,622.7142655162055
1917.5,630.3803398738409,632.0212591341392,629.5142497230365,628.105960229957,628.1946416216651,625.7135864152989,623.9495273116958,625.7050939915821,623.9708855198786,623.3786792903148
1918.5,630.6653221197874,633.1450503285876,630.8454817780197,629.137562967701,628.426505289262,626.4849655715915,624.4086159667837,626.3910513367176,625.5437124911457,624.575438317555
1919.5,630.9412141718964,634.0418678274426,631.2824010370439,629.9334094181381,629.2923305214947,627.0255389310441,625.1904517917558,626.9156492245656,626.5939402869967,625.3610134621558
1920.5,632.1396246317764,634.3163683556768,631.600775246963,630.6341593193491,630.2162049837099,628.0115223700996,626.3453142073785,627.8203479507353,627.0620375762712,625.8778788137488
1921.5,633.261888636788,634.8390328589708,632.0098059147354,631.2214635533737,630.7297033444986,628.6886514340854,627.6168183463911,628.9250790354738,627.1923957492846,626.4722023879641
1922.5,633.75281621581,635.5736356263596,633.0404778304177,632.3591788038294,632.3628385677299,629.5568925954417,628.4489644525382,629.5227138914441,627.4200664091686,627.5205384808518
1923.5,635.0577219376243,636.2649189970631,633.8298910880333,632.5890499711545,633.2207996059906,630.2457422021104,629.1251011740372,630.034134384857,628.4224529569179,628.2684543082379
1924.5,635.4620397801534,637.0049451806598,635.002004672407,632.9319726340849,633.0719360090516,631.5169283186015,630.048742179266,630.5482725981417,629.801930851982,628.3873628689081
1925.5,635.5652961019396,637.9253173872933,636.4442664654531,633.577918056837,633.7134647863256,632.5539917455144,630.572786984468,630.8728132787802,630.5123941669688,629.1130604045183
1926.5,636.2067088520931,638.4283390401763,637.0096804498362,634.852853111786,635.0649963771659,632.4704562267297,630.7914355838843,631.6054363710022,631.114023441919,629.5413926546777
1927.5,637.1599930832296,638.6834496130356,637.4096275367157,635.6242040127695,635.329604942118,632.7948902986842,631.6421786932212,633.451115844532,631.6248303342223,630.3741910376408
1928.5,637.8347032122077,639.641134658661,638.3039457432657,636.3472431446177,635.544505605038,633.5430574179683,632.9126149418643,634.2998305833822,633.0662190181785,631.9703386585231
1929.5,638.9012914332005,640.564520564539,638.7192697300599,637.8732763181422,636.5356537538896,634.367634708339,633.9686044160629,633.9258453161452,633.831956731481,633.9049335819245
1930.5,639.9789859945896,641.2191489840501,638.9365592691479,638.6128458077714,637.7484525786505,635.5651868881561,634.4885331641815,634.6327037747114,634.1743186968592,634.7234706487016
1931.5,641.0976243023855,641.9650669005734,640.1587999761681,638.3436624878456,638.5265685220431,636.1509204476226,635.3655757541244,635.8767375411256,635.0672259414849,635.617049407801
1932.5,641.6535178507422,643.76666388368,641.1621894871942,638.9569818458544,640.1247845918649,637.274432696041,636.4916446070347,636.8261141231319,635.5542486768686,636.6928222073872
1933.5,642.5226465494316,644.3875853225809,642.2937899681344,640.669957755324,641.0563330757947,638.5907846235295,637.8673180549843,637.519988766189,636.3119945463276,637.4338435389624
1934.5,643.7194769163174,644.8982605571674,643.1206377028459,641.6326894797028,641.041545729918,639.2087791330359,638.5847141407044,638.3768223975776,637.4528565564905,638.1796301985532
1935.5,644.6334267513117,646.3550894649932,643.8246071061554,642.0680102096446,641.9115371173,639.9996480400506,640.0378031277243,639.879561573658,638.3358089146634,639.0630101938158
1936.5,645.4615369572805,647.2873040528054,644.371168386821,643.8503801562861,643.5314885335436,640.605299388113,640.410069630521,641.1644360848554,639.102206319296,640.3648244641874
1937.5,647.1302915044885,648.0483217267436,645.7049979263179,645.1655613921739,644.6029342629935,641.5637775863157,640.5549612524136,641.8207874770445,639.8157568774877,641.4584618332422
1938.5,648.0865237062068,648.8110535561,646.7943941935172,645.7554350557956,645.4776799568167,642.6566881326324,641.2085163709637,642.3216629287899,640.9298184263872,642.0499380337915
1939.5,648.6015592760455,649.4714947539861,647.9426534836791,646.3839637857872,646.2372069127099,643.3934495254791,642.2036523258505,643.1104936460969,641.6553865085954,642.9177780098372
1940.5,650.4231780513327,650.0430770126189,648.701111547241,647.6986043633493,646.9374147528495,644.2392613820064,643.0666588405109,644.571602331485,642.4882768716074,644.1436428109351
1941.5,652.291217293576,650.6366853868474,649.6740422358489,648.6273768132586,648.1041137382749,645.2256175506712,644.9932875702782,646.3393097766298,643.9701524076102,644.9423071773755
1942.5,653.9297392612311,651.9517153265765,651.5242513760932,649.5643745639981,649.5319188326783,646.6713860079288,646.6716385021804,647.9577849030713,645.5078468077076,646.6364878957069
1943.5,654.885300750045,653.2188737589724,652.9313160716608,650.7776735678476,651.1471193491493,648.1075967561993,647.7879049671503,649.2913902036262,647.2558446718177,648.1180249691773
1944.5,656.0796356320785,654.448882271286,654.1435968824218,652.8055667203063,652.0988689763349,649.2210326804534,648.530156907613,650.2291496453576,648.6870472166494,648.9966332238715
1945.5,657.0326078524612,655.1567665378471,654.5173506965949,654.3206789162778,653.049328878915,649.6483038535797,649.6643296236422,651.5210310724256,649.9557077894493,649.6932043452207
1946.5,657.8105783110708,656.0080192447091,655.2758171766318,655.1993577090485,654.2882001398477,649.618376271051,650.8726595005444,652.5288520579574,650.7939788851171,650.4887047182194
1947.5,658.5357017228472,656.7716692714151,656.4470981311525,656.3050759260749,655.6834360809108,650.7619305512684,652.3589745267433,653.4540851797162,650.791359958631,652.0966141625908
1948.5,659.4109331675163,657.8910766847165,657.9845801154511,657.8335811385567,656.9908114369752,652.5043771489068,653.4948301369977,654.7297809236956,651.5849666247437,652.8269131053455
1949.5,660.5852428507011,659.443924346963,659.309226078316,658.6620061607707,658.2435055558223,654.165614180758,654.9532369335029,655.4233261218725,653.0997567903486,654.5566406056545
1950.5,662.1125417017593,660.7550827081694,660.8361371703452,660.1985949967527,659.444950555742,655.1578384360622,656.7532626408749,656.7953688627997,654.3357898956593,655.7215759387726
1951.5,663.7268394510849,662.54761354451,662.3170728666341,661.5979942874733,660.7274325837105,655.8295627203208,659.1747780996056,658.5907332457401,656.0381568383295,656.8438373386847
1952.5,665.241469102487,664.4939833168974,664.1178999426662,663.080548552071,662.7879311605092,657.3498622704143,660.2943159682706,659.9007664043896,658.1819179996506,658.3986831121863
1953.5,667.2337717874548,666.0598809240997,665.548692885712,665.2450795698909,664.5136648430152,658.1597514090785,661.3068349500176,661.0342615941773,660.1769700664677,660.6952509890069
1954.5,668.8977187238794,667.5333888807656,666.6133579421561,667.0060596463719,665.6219084033409,659.7984292819141,662.2730895703812,662.8851486614476,661.7899532425477,661.812682935379
1955.5,670.5818271258919,668.8926828663084,668.2802584601463,668.9624364072002,667.1814944558253,661.5707964483521,663.6834559288753,664.3937471069081,663.113072216368,662.8176298950735
1956.5,672.2080726627265,670.6194974646812,670.1571235788324,670.8596902363004,669.3377991708536,664.1075150144169,664.8605953512069,665.5304407576068,665.1401557840836,664.6793842347704
1957.5,673.8958536537443,672.9765108621663,672.5801357673761,671.9299953329888,671.4444276458272,666.1822570724902,667.1070843999164,667.4388279800588,667.0756135965697,666.7024012422916
1958.5,675.5919887978176,675.1638218712753,674.7225382691537,673.7235782287106,673.6800548327014,668.0189900334351,669.3181306702329,669.9015440880775,669.3145049730172,668.8418882370335
1959.5,677.4898536229277,676.7900832390987,676.6700831417714,675.3334336823484,675.6327942735626,669.5277499950595,671.1153220294359,671.5357099287179,671.3635397096222,670.6487190652672
1960.5,679.7572630227256,678.5867870439256,678.3567146827684,676.74607108636,677.466572851373,671.2878060628155,673.1109490216556,673.6140125565215,673.3550033521844,673.1655452925532
1961.5,681.6938203875591,680.9397190521885,679.4959380853961,678.4522074074986,678.8379749382351,673.0697395551082,674.8436737890435,675.6072907510259,674.8992331451573,674.5167410259606
1962.5,683.337739119251,682.2357934869692,681.3711477635969,680.5668443588737,680.5622507670272,675.2627723645048,676.1949482766101,677.3229565258428,676.7028743297396,675.8293560385275
1963.5,685.1549757165291,683.6405506656276,682.8027432776566,682.4853900663177,682.2592646311739,677.367403930577,677.9895319312938,679.431305568787,678.5404988358629,677.8114309027801
1964.5,686.1726658206248,685.4320905622275,684.2748865630109,684.6192115709982,683.5752867129975,678.8070786595068,679.9596279472366,680.6473792039111,680.3373066442743,680.28009405199
1965.5,687.7911427505969,687.602607296945,686.0904524899919,687.3583830337774,685.239401778531,680.6578633263306,681.9913862656653,681.7107282843638,682.7613821141659,682.1752960647087
1966.5,690.2437085897066,689.1527256165685,688.4737162719783,689.4416555900975,688.5482331369634,683.2128993483783,684.7661604198635,683.646418551875,685.0845622839149,683.7790030829309
1967.5,692.7816249003275,692.1755823865675,690.8497997987863,691.0658036211147,690.7948560477046,685.4112142974371,687.2717843188592,685.9890760480256,687.0928157922388,686.0250638933742
1968.5,694.8707000150173,694.3876179934869,693.307083072161,693.145082560024,692.7046882987656,688.2064545134631,689.6113826267219,688.2276095238913,689.269170153972,687.990749275607
1969.5,697.8195992148375,696.3999877592863,695.7038621099381,695.7666117408432,695.14637103446,691.467733389045,692.1721741149572,690.3582634280693,691.2899231297049,690.1680027974245
1970.5,701.7721460309185,699.1985821410116,698.4976540910786,698.3745609391709,698.4369063788814,693.7756807409164,694.7590604832977,692.2667326109569,693.8048131669452,692.4361809019433
1971.5,704.0634003064914,702.3915344690067,701.2425148905987,700.9558054637369,701.0187382531706,696.1027877974526,697.1533314115102,695.3571558406888,697.2418140140934,695.5744461813457
1972.5,706.0127174482839,704.824579095809,704.0209618341945,704.4472821460325,703.246522888437,698.1071274444862,699.7701706118046,698.2717819517554,699.87791451793,698.0637104567686
1973.5,708.5469246985078,707.2834779316086,706.5282145215047,707.2074857787827,706.4469284058728,701.1259268723348,702.7755036795746,700.8924448368215,702.1290921444185,699.6171338459869
1974.5,711.8304503215669,710.450000524027,709.0357685987782,709.8526492231089,709.5528992697275,704.3897497276964,705.0401588881085,704.1073878109819,704.5100301737997,702.1526272137553
1975.5,714.7235282525852,712.7704389268326,711.6625372357079,712.1676982763914,711.6618595090741,707.0579170014698,707.2155177010789,706.5398426833539,706.4075122496874,705.1397820981651
1976.5,717.7084185040302,715.385769774563,714.0045791268263,714.7154336075107,714.0749923590483,709.6198633503172,709.5450186435897,708.910194189869,708.2323849945425,707.5838192425583
1977.5,720.4973722143712,718.4147312944642,717.0025171189124,717.4572322128588,717.6355578810994,712.1800795123654,712.1211156920941,711.6334631238276,711.29793894325,710.2261447316547
1978.5,723.4185174865403,721.749833677801,720.2795734785427,720.028492794094,721.3023763908385,714.9642700990054,715.0548552172128,715.1410088609147,714.4116718010226,713.1773750946713
1979.5,726.6805480335008,724.1682895474593,723.538428810095,722.8978458843026,724.2363171097893,717.6757537635802,718.1213253593471,718.1725428162971,717.0327156317807,716.5832199547182
1980.5,730.4600274743243,726.6151117435246,726.5585738719901,726.3931825223696,727.6118776890793,720.4520034060114,721.4091976909847,720.912321868418,720.1380999474815,719.698712657345
1981.5,733.437731258431,729.622543719858,729.7208443409785,729.9706631553465,730.5730344828471,723.2597823663299,724.6088978276543,723.582806077537,723.0876840880568,722.7965816620036
1982.5,736.356266822158,732.4475852712869,733.0265379573556,732.9468128974531,733.1987907380636,726.6666197692559,727.5694720811134,726.5026203442948,725.8981326741039,725.9340028891941
1983.5,738.8055213795125,735.2206184175035,736.3690149763656,735.425788432913,735.6370355440926,729.5007601313895,730.0176294908277,729.7862363442646,728.9185502694769,728.6189193490997
1984.5,740.5939602058411,737.6618913510197,739.5379777453717,738.295881371357,738.0245167816477,732.6425196506833,733.0015835096195,732.6706364887228,731.991916109776,731.2105678391799
1985.5,743.1352030280293,740.6288456933506,742.788145671535,741.1750228220476,740.811608246688,736.0996799594967,735.9028815312691,735.9814288858416,735.0394441732433,734.0675593318564
1986.5,746.7941036386698,743.5150255214973,745.8516690454409,743.9732530910308,744.2605174040692,738.540232282435,738.9888995378819,739.7315256106997,738.4121848326073,738.271257570855
1987.5,750.1458554127918,746.6416626390504,748.9633276428983,746.9715738323392,747.827546778958,740.7936819564025,742.3104213375502,743.1627804100965,741.1054368090877,741.3790077176136
1988.5,752.935764593443,750.0360703110746,752.3192589984512,750.1567084573674,751.219590623847,743.9390351101498,745.9815174205368,746.1144105556779,744.3928059557526,744.1457589671672
1989.5,756.3953328156895,753.8042873059289,755.3202425521513,753.8617766399286,754.0070758596842,747.302565741103,749.6163196591892,749.5285221977533,747.9754388742056,747.106100565209
1990.5,759.2269648678663,758.1586797251897,758.1717328764219,757.3187221282359,757.462646657067,750.963429795137,752.9068165282962,753.0388165151206,750.7386548034542,750.4268456444656
1991.5,762.3880652464305,761.6958494505269,761.4329199723471,760.1482226079103,760.5838970301965,754.7659721811254,755.704315365519,756.0693046232822,753.7323360630879,753.4234562382007
1992.5,765.7651003119921,764.2745225415731,763.7017994497866,763.3086761202493,763.0953357114897,757.8193981896795,758.0679272794428,758.5203999839654,755.8258971589788,756.6324772202029
1993.5,767.9724000485583,767.0095677272633,766.2917397962163,765.7671665566168,765.183219093391,759.9256908072203,760.6243420002602,761.0727389265443,758.6064448146684,759.8423793269857
1994.5,770.2687965899939,769.5420025079203,769.1981770778449,767.2816491200978,767.6487980052798,762.8264439623068,763.0660678202911,763.8485729554218,762.3713130544144,762.819073534871
1995.5,772.9167456871692,772.488927643557,772.0003190038033,769.5772945913316,770.3937860538872,766.0328782809771,765.7561311550814,766.5930798622054,765.5954263793176,766.3936554937625
1996.5,776.3231951306738,774.8239682297882,775.3738993067495,772.8660336195068,773.4634919298934,769.2349181977103,768.9535005293395,769.2008643380926,768.5516372916404,768.6395708194228
1997.5,779.8369496212476,777.4997995056628,778.2909585806743,776.1496878943989,777.166004309531,772.5587683550832,772.0376158114143,771.749471175164,771.077201022381,771.6718696720735
1998.5,783.4304061266138,780.4289578632555,780.8445734207924,779.4863106538354,780.6686396346038,776.1386645163994,775.8827495689961,775.1823142836381,773.8576080027019,775.0478230201992
1999.5,787.9808312752648,784.369268527361,783.724614432352,782.4069194759162,784.4650931016787,779.4185710551874,779.0094766626754,778.5909085255346,777.1237982922594,778.2016369356857
2000.5,791.471102598098,788.2053776193754,786.8176902544701,785.8060065076754,788.4178433159068,782.562616449026,782.0178164159607,781.646885928382,781.1083740041397,781.2247271626713
2001.5,793.9504256137421,791.1431849070422,790.6952725292502,789.5392937283302,792.244730756759,785.3249476464332,784.3548324691214,784.5803274702054,785.1676473348264,784.4746143392741
2002.5,797.2217437409195,794.700381033582,795.5973570427171,792.6208363745317,795.1574733809451,788.70161038317,787.0718006695444,787.6027020964195,788.5145916985573,788.479871534665
2003.5,801.0933964086353,798.4341375729167,799.1437237709681,796.8447107077534,799.1797747398796,792.7311519145691,791.0960959314962,791.1320306728951,791.8019594424763,792.4826793354242
2004.5,804.6514878878064,802.9490744541312,802.8062516819625,801.3224343449306,803.6068464270732,796.9707680620165,795.6538580420752,794.8442743012198,796.5026371068418,796.6758425523686
2005.5,808.5550846853943,807.6322684947203,806.4560755250471,805.1642530133045,807.5786693757236,801.1652009643398,799.3822214244339,799.0221658241877,799.9944131751786,800.5771717111074
2006.5,812.396583327324,811.4858936740576,809.9105890528498,809.390734650261,811.9678348624343,805.4717589488359,803.1090884777643,802.9668065643136,803.8765888414129,804.3948278819691
2007.5,817.1636737931638,816.131138229435,814.611858475568,813.7497895963069,815.513339102385,809.648304637365,808.4397996176248,807.3880985378556,808.3884158350967,808.2383881595014
2008.5,821.7070483404308,820.0482909624428,820.246000975075,818.5286412844586,819.2600686360466,814.1326999341567,814.492233111773,812.9577275537578,813.1251466726884,812.3151391021967
2009.5,826.4620323080892,824.350790402435,825.014464328309,823.440393522265,823.4257977513918,818.4009250830417,818.8589268104948,817.5158627947308,817.7766625039386,816.9312544378214
2010.5,832.1091461987849,829.5625595161174,830.022755338459,829.1749245298812,828.9276905753144,824.1254400845648,823.6827124557955,822.2406901315036,822.8461525096619,821.8933091415045
2011.5,838.1426107617027,835.1427696442943,834.8950723828152,835.1892109520461,835.4546008464318,829.954641807848,829.6081724022537,828.1408409359202,828.6098201515445,826.8247212630644
2012.5,842.9522451061696,839.9564575234588,839.795505463642,839.8610796234954,840.9517323501839,835.0752785320525,835.5080001743421,833.4183835997577,834.3857041065686,832.461915736738
2013.5,847.8332994535881,846.12070709491,846.1388149405859,844.583124112911,846.0772680640437,840.6644095226046,841.2466758951354,838.8904139686368,840.5076410520642,838.5720301398891
2014.5,853.3658114137392,852.7811202948253,851.8712300062964,850.385216370061,851.5529696191825,846.5445633834814,847.5770716938623,845.2056208353919,846.6161268672932,844.364322614198
2015.5,856.6324161144967,856.7081032702984,855.8651712509836,854.4882289192242,855.0459871175891,849.7643790959106,850.5151671456034,849.1234629177847,849.8823215654807,847.664448531938
2016.5,862.0583057640189,862.0271325431829,862.5561280392441,860.1765979659034,861.142484666072,855.4653660418264,857.2698174123283,854.5130996029943,855.9085772171267,853.6357001144311
2017.5,867.7291442951321,868.082365316854,868.1452592301885,865.5564334655261,868.271334419363,862.3558802589924,863.6830916436094,860.7659127355032,861.7856416304836,860.0207410797676
2018.5,874.5129830977193,874.945307762936,873.8560211103048,870.849452824625,874.7208842592826,868.9637890828442,869.1482421453129,867.0993354593639,867.498813027171,865.8782403949117
2019.5,881.219626191549,880.48803852615,881.2020547959613,877.2249388864661,880.2720980277772,875.4964828750665,874.8525750408451,873.0601325774925,873.1730908906953,871.5468179001206
2020.5,887.0038216160762,885.8559581006338,887.6933447411408,883.7913847475577,885.5988129451275,881.2668468248116,880.4234350664193,878.7733572785218,879.8195523804708,878.2662492266103
2021.5,892.9318968819596,892.1540526704757,893.8450555682992,890.8610169839725,891.728694642285,886.2237069602515,887.0830869761271,884.9810987843971,887.0520013267101,885.7625312197436
2022.5,899.2345347451901,898.6266165598478,900.8460756981525,897.9413259197714,898.0682096917275,891.9620410122362,894.445909725976,892.1841173213124,893.1094352089985,891.1886877917601
2023.5,905.8396182385248,904.4337693228172,906.2669353014794,904.0297035737548,903.4491042644606,897.6259978726433,900.2806386686592,898.8950967033225,898.1337968770779,896.6685380679215
2024.5,912.0065805200413,910.2968852323106,911.6361908911807,909.9192319850904,908.949394351063,903.808878113185,905.7563901214717,905.0202775987729,902.7976141881813,902.524393966116
2025.5,917.4662611145321,916.2155352484929,917.6862673715306,916.7172116681138,915.1074403792264,911.182372151827,911.4987246042042,910.1703962331129,909.160276147147,909.4833399368067
2026.5,923.6324328485708,922.4901626819754,923.6932541047286,922.0613046025177,920.8949432780558,917.1943033637241,916.6774384129158,914.7977357397846,915.8788079127678,915.5425783514243
2027.5,929.1076205979474,928.5612579060144,929.8994776392111,927.0711061695469,926.8913683370281,923.1990034208081,922.1694629198432,920.3200793957228,921.1709471490474,922.0165948843113
2028.5,936.1310503941878,935.2003561824757,936.6995031268482,932.726175232302,932.9045155291777,929.9290202682024,928.9081375145713,926.3086350505245,926.6616354403648,928.682871561844
2029.5,942.3681605885699,940.4493770155098,942.3435446033665,938.5036120269723,938.0092324908267,935.6390958048175,936.070645753545,933.3895357446764,931.8242080530704,934.345276784958
2030.5,947.5368459668684,946.4245033828016,947.2593349456661,944.8367928773715,943.8494626019159,941.8635043359973,942.996810756273,940.3809288298195,938.1647563250212,939.4732137993061
2031.5,952.893770619054,952.6094176048133,952.2772532009185,951.2432728089731,950.374442293971,947.3193237723628,948.0041869757422,945.4521882992258,945.1579335024825,944.8554233460694
2032.5,958.4289754504362,958.4012658094751,958.1681152227648,957.8104703414433,956.5355759661239,952.1143521259513,952.7698093678625,951.1057401921572,950.5547065569646,950.1566589883469
2033.5,963.8862252867757,963.947432498432,964.8579600343576,963.535580507988,962.0774989481258,957.596364634631,958.7279164202516,957.0458572295211,955.6351690410527,956.1854091228836
2034.5,970.5558246684222,970.5043869803754,970.619707317183,969.8850001454251,967.8159624535125,963.5742439908329,964.9340642064585,961.744476865345,960.8738794917593,962.220293264593
2035.5,976.739333339101,976.1947078476968,975.8977327259822,975.7281128992188,974.1995978675158,970.4142635659422,969.8361477179641,966.9367456075153,966.2528881729045,967.8288665129006
2036.5,982.8336953072364,982.5963158425986,981.8340645538889,981.5552205233525,979.4306437149446,975.2814491656178,975.4589169545801,972.1078685573017,971.7307848248931,974.1056629922388
2037.5,988.1644823957647,987.3057869198599,987.3678840735566,987.2985511560247,984.6842372990297,980.2142718483175,981.4452466521238,978.2999752584197,978.2774828300278,980.1730439456817
2038.5,993.6016292810574,992.2763955676847,993.24567871632,992.6888327035368,989.7175536957768,985.7386653167148,987.5890528060733,985.0458681828561,983.6611438179524,985.7429869762601
2039.5,999.3592212299156,998.4060556309993,999.0021372465386,997.8534855883254,996.1361695832223,992.4295910441746,992.8089929142823,990.0074517643287,988.6706407887415,991.3490809714892
2040.5,1004.6092227826853,1004.3115965865079,1005.2018810971945,1003.176919082368,1002.0755283362627,998.7193799558889,999.2330270077368,995.6875955101777,994.1197478858635,997.0435591767005
2041.5,1010.5056212419759,1009.9576061154416,1010.9101054100835,1009.1090687237444,1006.9746290089324,1004.9988049805419,1004.9648893915858,1000.7070122987734,999.4523391059362,1002.6069082998622
2042.5,1016.6815584917787,1015.3930727116084,1015.3727976236074,1014.7059300462369,1012.1951288127324,1010.6637481716675,1009.6729424931935,1005.462806251959,1005.143676563208,1007.4127323858391
2043.5,1022.4014899210686,1019.5625796218969,1020.0245240671262,1019.4215275157648,1017.73542921858,1014.855265366563,1014.2670852179566,1010.0434531589812,1011.0148316091193,1013.1330169062966
2044.5,1027.249157314321,1024.7767394152777,1025.0580755239978,1024.2806006354547,1022.5194109486664,1019.1246814466676,1021.1613177135641,1015.4020248351767,1015.8687392174438,1019.1255094674985
2045.5,1032.0314553486132,1029.554263705079,1029.7750607099476,1029.8615896883582,1027.48752331007,1024.0575578344938,1025.4730672604198,1021.5420111118075,1021.3401547828599,1023.3616369860383
2046.5,1038.0823712721528,1035.421713698438,1034.8413690877103,1033.9499894333057,1032.8449501452667,1029.3866383825098,1029.818361069368,1026.319223390855,1026.1420752275521,1027.9563039369616
2047.5,1042.8314298409844,1041.1698870105397,1040.1491836079842,1038.7084750553693,1038.9640713790739,1034.4476572060962,1034.3414483047059,1031.0598714964053,1031.6280084108591,1034.0770643794808
2048.5,1047.5815749366664,1045.8350713976617,1046.4405231550304,1044.3940392115421,1043.755436361701,1039.5084748358508,1039.973899092728,1036.3394541534808,1038.1627195519936,1039.6322811838227
2049.5,1053.7404191272135,1051.4299518426337,1051.8417090475375,1050.4275009689682,1048.4801546850829,1046.1049106014648,1046.1895665133925,1042.1457167740177,1043.1904369889103,1043.7769743217439
2050.5,1059.2104329487497,1057.5528606906055,1056.0915131376398,1054.8347418378082,1054.5284051911315,1051.7232353380782,1052.0621838216473,1047.312631085495,1047.994394621349,1048.2380291300863
2051.5,1064.0576394397972,1062.576686910558,1062.0511129119964,1060.2975333217908,1059.5427011558365,1056.305334087046,1056.916737494628,1052.7904537927384,1052.6795971935908,1054.0402961292898
2052.5,1068.981535649138,1067.4860256239479,1067.1982284678822,1065.629763234613,1063.7788531222325,1061.0870846496755,1060.8122749161796,1058.7003749223334,1058.4492040613661,1060.2122694197367
2053.5,1073.607467800946,1072.89943344058,1071.5855627700926,1070.9391159658983,1068.944483320088,1066.9403570908146,1065.0415802805148,1063.610182754011,1063.9085696392192,1065.0078486516563
2054.5,1078.4659645924874,1078.1730123454538,1076.9277992705718,1075.7569521653008,1075.2224090098287,1072.2165150441142,1071.1511570312243,1068.109165204809,1068.3497679789982,1069.5495156564498
2055.5,1083.9200694726503,1083.0778574627368,1082.4265846116707,1080.5894476599235,1080.0720596853087,1077.654660083269,1076.0258982207868,1073.2474242242358,1073.6094813424056,1075.6714702364648
2056.5,1089.5014192316273,1087.2268205589996,1087.962355350804,1085.812710672639,1085.0973327374004,1082.6745838642903,1080.659996958492,1078.917485834545,1079.3087843921346,1080.7830354033122
2057.5,1094.555260605527,1092.3580572323515,1093.7800816111421,1091.8841930545302,1089.7137590818172,1088.591949967243,1086.6824820293161,1084.241919887157,1084.2312754509271,1085.958441136545
2058.5,1099.3122504997389,1097.845079347216,1098.783488260272,1096.763205204396,1094.9551097005901,1093.4500744299594,1092.5611161152697,1089.0595823464669,1089.171541303454,1090.4489936860116
2059.5,1103.7729634388804,1102.1057943952578,1104.0042491751906,1101.9319498988043,1100.9403791226696,1097.1926205747372,1097.756784512183,1094.3695883565301,1093.978397008801,1096.1223327117834
2060.5,1109.541467948817,1105.9798862375999,1109.2099269652526,1106.9327817077458,1105.4890708782452,1101.452246490829,1102.521204550725,1100.7914924806205,1098.943785638565,1100.3318633675988
2061.5,1115.0603889049019,1111.2301172395107,1113.9307735097195,1112.09111802801,1110.9773919357588,1107.0346120381878,1107.0377563931875,1105.7783054480142,1103.4489644185292,1104.4375154836514
2062.5,1118.7260417328466,1116.7719799034414,1118.4367847191443,1117.147244675278,1115.7235223728424,1112.9557627494207,1112.082102981271,1110.3043759229727,1108.4969805897338,1109.4204863301852
2063.5,1123.0376437909968,1121.2455916917725,1122.8681033195694,1121.664257019161,1120.635521493917,1118.690465092422,1117.1672273909674,1115.556807833109,1114.633629333223,1114.8559150522142
2064.5,1128.843538892123,1125.5285506818,1128.624365665762,1127.2433529663554,1124.9618882536179,1123.9736592188624,1123.2896849555623,1119.9845253845663,1119.4958385918299,1119.5553789406422
2065.5,1134.0851927043898,1131.4371157569508,1133.0307566710144,1131.7380734745018,1129.2500879021093,1128.0437717670588,1127.6424069049183,1123.8195170893218,1123.383445890355,1124.3187124523336
2066.5,1137.872170422913,1135.7085688244094,1136.4788961217132,1135.9946385991675,1133.9958339868324,1131.9436478814982,1131.757884854806,1128.100143313015,1127.7717292503235,1129.3080772148053
2067.5,1142.5982594293741,1139.861354202698,1141.1889737863548,1140.2269833129571,1139.0079765362784,1136.4545027723138,1136.115348886675,1132.493123266453,1132.4687872292411,1133.5064941157107
2068.5,1147.7247942990577,1144.0447162340556,1147.058083428437,1144.7127182320276,1143.082200332144,1141.2639367245176,1140.4178026372313,1136.6940621039896,1136.4533889921158,1137.3112586515042
2069.5,1152.0635885853455,1148.5227246286386,1150.280217879742,1150.0752414432586,1146.0727131897063,1145.2768098278666,1145.001656221247,1141.6758021412434,1140.1128428857944,1140.8966132976743
2070.5,1155.6663070207187,1152.7181835393487,1153.819128813453,1154.5530103690874,1149.8612998577098,1149.5419329045194,1150.0644817814773,1146.0508782483296,1144.3451619493744,1145.4720187446633
2071.5,1159.4568663501595,1157.9257145570593,1158.5539457045404,1158.6527026188437,1154.2440227331626,1154.1964287691137,1154.773583535798,1150.3597762132817,1148.3739896835323,1150.3197157959708
2072.5,1163.797560154709,1161.178490788919,1162.6006400120893,1162.0807483365397,1159.6183360231917,1158.4874381175255,1158.543435130342,1154.379316367223,1152.302090647441,1154.4851537413576
2073.5,1168.1342441100744,1164.4211846848466,1166.5729743617953,1165.5379300873253,1163.7730062911069,1162.9117237510857,1161.8105099513486,1158.1489256875211,1156.1124196755957,1157.9852206387945
2074.5,1171.229902587679,1167.8400448219877,1170.0913020042049,1169.090695941713,1166.9418233749375,1165.7106101043382,1165.208650129665,1161.828877906182,1159.7539212279949,1162.0822254279108
2075.5,1174.545434662604,1171.2025658767195,1172.9887007931998,1171.8900961007278,1170.062801815766,1168.559864050953,1168.5281922541665,1164.997738475134,1163.3400363628034,1166.465135870522
2076.5,1178.3651260172894,1174.7296049715894,1176.4094993247015,1175.436661818496,1173.526300131076,1171.6151909805146,1171.2968185741258,1167.9461092405563,1166.3910714912668,1169.3879091294361
2077.5,1181.653720562643,1178.3477447939592,1180.7879764892768,1178.896637838998,1176.9141317305953,1175.2375789184698,1174.3417631805376,1171.1790692826974,1170.7731156381244,1171.3697377115973
2078.5,1184.817589560714,1181.532941540589,1183.2363529277345,1181.829772780659,1179.4089188167884,1178.5840601756804,1178.6601964105434,1174.2752493813628,1174.0619346228127,1174.2914352648436
2079.5,1187.453972617641,1184.1428155066035,1186.1250404646612,1185.592428890213,1181.7231869414218,1181.3476217815828,1181.1687586612925,1176.971630483031,1176.0210493431314,1178.7848498166118
2080.5,1190.1104952973997,1186.7335554181632,1189.9362720595686,1189.656908211502,1184.6951414715008,1184.1776306564286,1183.2530568252153,1180.2553865571929,1178.4003748159719,1181.1911837578841
2081.5,1193.116800468038,1188.6710846854724,1192.1428026906292,1191.042702470698,1187.8186374403303,1186.9192951993527,1187.187631060398,1183.3084139855357,1182.554012061771,1183.1457684107038
2082.5,1195.7259937015347,1190.6817268695722,1193.5492543862642,1192.4128635282748,1190.1586461515476,1189.7355128782617,1189.892600573677,1185.1912622160203,1184.2724544717846,1186.023416337858
2083.5,1197.0193267701563,1193.8421585391545,1196.300458001695,1193.9527023259795,1191.9745236884978,1191.0042367750168,1190.704565976579,1186.820221064097,1185.1499547576564,1187.5166210504535
2084.5,1198.9253916466716,1196.5038561487145,1197.436235458967,1195.7654453271505,1194.4655872860508,1192.8288846797523,1192.4885629080045,1189.4269795315975,1187.6099335073616,1189.8192183296856
2085.5,1201.4437478688862,1197.355678971565,1198.5306345190138,1198.2837987438736,1196.8864687036614,1195.532367482832,1195.5439403364167,1191.839506194976,1188.9817179426616,1191.6282450563378
2086.5,1202.5555910754335,1198.765759570692,1200.1004327616167,1200.0209165104525,1198.7713090336333,1196.458648856519,1197.1375231367238,1193.2299210989738,1189.5893597870731,1192.868024695399
2087.5,1204.2500797966734,1201.1129751892586,1202.416326468288,1200.9536723577671,1199.4487084267819,1196.9583464025418,1197.4919719618413,1193.7356520552537,1190.358326821695,1193.4837706033215
2088.5,1205.2540656750743,1202.361064694685,1203.691379353888,1202.9058859693298,1200.542302511108,1197.7845955655634,1198.340191130625,1194.7188310045872,1193.1360154809672,1195.0561294582621
2089.5,1205.5115348648699,1202.0505809301242,1204.6995518274487,1203.3042647863585,1203.303715110381,1199.4846387595512,1199.8809158625245,1197.4142504237852,1193.4701455325708,1197.279401059372
2090.5,1206.3239908280318,1202.4695554627747,1206.1444778356324,1203.1751470414538,1203.554537088418,1200.310870688838,1200.4585631933915,1197.405737960842,1193.2588232742924,1197.560657211579
2091.5,1207.9875419897369,1203.630849868865,1207.2253125437842,1203.0808464502968,1203.6905116553887,1200.2091307353064,1200.926433638624,1196.8101224577067,1195.3052200471463,1196.9905546494165
2092.5,1207.9611984228331,1204.765175283799,1207.3671914683937,1204.5941326719671,1203.9620642130408,1200.4018183166493,1202.0722244968895,1196.744780352094,1195.843095525561,1197.6785590015195
2093.5,1207.6134529193077,1205.0568273858294,1207.5630047682557,1204.7022563214314,1204.4133081122063,1201.506481869195,1202.7511641049723,1198.7630248174778,1195.382335598999,1199.003443030393
2094.5,1207.3610811075077,1205.2319181217672,1208.650672051009,1203.845624885836,1203.9873356813368,1201.7997048461762,1203.6664507567536,1199.050538017707,1194.900488594986,1198.8031571756112
2095.5,1207.9314199321482,1205.6713681346819,1208.9764585703472,1204.4229103082757,1205.4884570906775,1201.3995176893654,1203.5729405126822,1199.9703717703296,1196.0761477196702,1198.2436188927738
2096.5,1208.1172058035586,1206.0677786989024,1209.2867866301192,1204.4064759383891,1205.116755092886,1201.8977403483323,1202.768451344331,1199.4565988721406,1196.5780451719575,1198.7824829062222
2097.5,1208.2597095512444,1205.020519113252,1208.900263019374,1204.561578948831,1204.5234106352677,1201.964055959559,1202.925701557872,1198.090756468225,1195.3157879335317,1199.9829768444613
2098.5,1209.0023722958463,1203.8497020668206,1208.1022749768215,1204.2378869294268,1204.7315097843868,1201.581018372622,1203.3616032249843,1197.4701706863648,1194.7963429323365,1199.2263132936155
2099.5,1208.9032769190108,1203.344662864633,1207.508889038005,1203.974030436638,1204.980632235641,1200.687058066654,1203.1648055983258,1198.0827169310228,1194.4643602842239,1198.750716123503
2100.5,1208.0352718197403,1203.453760019711,1207.9481448708168,1205.1248924215126,1204.7166699357372,1200.1863603628458,1202.864378319095,1198.3763382878228,1194.3458487006271,1199.496784534616
2101.5,1207.8749029014093,1203.7910616796619,1207.5228072826367,,,,,,,
2102.5,1207.3225915651471,1203.4598771939336,1206.4298720880718,,,,,,,
2103.5,1206.1378977552822,1202.2891583397109,1205.6609930256534,,,,,,,
2104.5,1205.3282456806653,1201.8641213399253,1205.0581086939596,,,,,,,
2105.5,1205.0920264872302,1201.4024458211134,1205.1779637072882,,,,,,,
2106.5,1205.1648720807416,1200.1842105546477,1204.3899564017902,,,,,,,
2107.5,1204.040543835028,1199.7234758775105,1203.3080135244243,,,,,,,
2108.5,1203.2399500918789,1199.5242418817177,1203.1017193084188,,,,,,,
2109.5,1202.691830761368,1199.7874943922257,1202.7556416696987,,,,,,,
2110.5,1202.3856750689054,1198.9991189661405,1202.1233557851665,,,,,,,
2111.5,1201.817939339762,1198.3313019302275,1202.6122686203755,,,,,,,
2112.5,1202.0050530103074,1198.0031527861076,1201.6135326184824,,,,,,,
2113.5,1201.485144101023,1197.9010908022094,1201.044753046041,,,,,,,
2114.5,1200.8632738047565,1198.0891190630434,1201.800567134084,,,,,,,
2115.5,1200.5684386720193,1198.3555730403464,1201.5499553675309,,,,,,,
2116.5,1200.4760860940514,1197.9513650127772,1200.937908901177,,,,,,,
2117.5,1200.51402996828,1197.4827725542207,1200.053643973681,,,,,,,
2118.5,1200.6282245013538,1196.7904846171025,1200.3636890795776,,,,,,,
2119.5,1199.9808599005942,1196.3531603653144,1199.664693011453,,,,,,,
2120.5,1200.0023136958866,1195.4163998790143,1199.208619458355,,,,,,,
2121.5,1199.8487677333287,1195.1843478426902,1199.3081304487441,,,,,,,
2122.5,1199.407895336131,1194.9370369374944,1199.5740339485005,,,,,,,
2123.5,1199.3703201836665,1194.9198679295712,1199.5635981206162,,,,,,,
2124.5,1198.981182856634,1194.6995119880735,1199.7284327805298,,,,,,,
2125.5,1198.5557031903395,1194.5710972192278,1199.8241335124292,,,,,,,
2126.5,1199.4285882420004,1195.5171583112412,1199.3848029333035,,,,,,,
2127.5,1199.5533498598904,1195.1287301724278,1200.5563934938705,,,,,,,
2128.5,1199.301474219334,1194.4843872866036,1200.3637552090242,,,,,,,
2129.5,1199.9348083557943,1195.3147446914104,1199.6717047367379,,,,,,,
2130.5,1199.900988754732,1194.9605381405386,1199.807051474748,,,,,,,
2131.5,1200.8633353251812,1194.5031357863443,1199.4905495297428,,,,,,,
2132.5,1201.6651761093835,1195.7055524883476,1199.3651813244721,,,,,,,
2133.5,1202.526231003794,1195.8845290306588,1200.2110793496727,,,,,,,
2134.5,1202.8633593244374,1195.4895410511135,1199.9918732589806,,,,,,,
2135.5,1203.082717512857,1196.5653849899531,1199.667194708465,,,,,,,
2136.5,1203.8539385596541,1196.100375945845,1200.5217009841103,,,,,,,
2137.5,1204.0169019566154,1195.7944272585898,1199.9021917094874,,,,,,,
2138.5,1203.0058574611398,1196.217586382478,1199.8149862067967,,,,,,,
2139.5,1202.601216185498,1197.0791997701253,1200.4745697257968,,,,,,,
2140.5,1203.2270167752201,1197.3820732377112,1200.9872348555557,,,,,,,
2141.5,1203.4298830811733,1197.7013085331848,1200.3123487821704,,,,,,,
2142.5,1202.539725018005,1197.6478937750703,1199.8996968258118,,,,,,,
2143.5,1203.016712309246,1197.2197771469864,1200.8121882059158,,,,,,,
2144.5,1204.3379115251864,1197.082433900859,1200.485150236895,,,,,,,
2145.5,1203.935553919774,1197.7440508001528,1200.4311485298417,,,,,,,
2146.5,1203.5240981048344,1197.8374951151695,1201.5022261387041,,,,,,,
2147.5,1203.7324341176081,1197.4065084690938,1201.826464828202,,,,,,,
2148.5,1204.3927819326996,1197.806107474612,1200.970562219268,,,,,,,
2149.5,1204.1846629447466,1198.6376924824224,1201.4149450881305,,,,,,,
2150.5,1204.9735900507321,1198.4362098850456,1202.703847083031,,,,,,,
2151.5,1205.0514686963224,1198.4915315759356,1203.0709921607602,,,,,,,
2152.5,1205.0152395786893,1199.6198897100594,1202.2358880644178,,,,,,,
2153.5,1205.6057120143928,1199.297147549982,1201.4813665064719,,,,,,,
2154.5,1205.1068719468635,1199.2088234576788,1201.6035709186929,,,,,,,
2155.5,1205.018724199752,1199.5050154464293,1201.2146039250842,,,,,,,
2156.5,1205.6638506193249,1199.971050699317,1202.1473802124094,,,,,,,
2157.5,1206.4089445228624,1199.9077547991023,1201.6605965449958,,,,,,,
2158.5,1206.1758223918534,1199.6149390192002,1201.4313730454649,,,,,,,
2159.5,1205.630074703776,1199.9844278848384,1202.6761236150037,,,,,,,
2160.5,1205.8571674323734,1200.4698560989848,1202.7216601516877,,,,,,,
2161.5,1205.5311434482037,1200.5440306939845,1202.5396460634531,,,,,,,
2162.5,1204.5079537788404,1199.9263846666236,1203.1316244470138,,,,,,,
2163.5,1204.4645452075981,1200.2498813035716,1203.6581505092172,,,,,,,
2164.5,1205.78212293456,1199.8266123647234,1203.526941470655,,,,,,,
2165.5,1205.4698652976865,1199.7480407626872,1203.5410951761958,,,,,,,
2166.5,1204.9123954637882,1200.1171701246053,1204.4953853764925,,,,,,,
2167.5,1204.8109747351318,1200.9252483183882,1203.5968214590648,,,,,,,
2168.5,1205.2674795323799,1200.7905488473878,1203.2544252266096,,,,,,,
2169.5,1205.641103091582,1200.4685150739601,1203.2045369715406,,,,,,,
2170.5,1206.951695144253,1201.1593136957795,1204.6955263476682,,,,,,,
2171.5,1207.8274255656572,1201.2991458138138,1204.7875001842588,,,,,,,
2172.5,1207.7356000193415,1201.1985484969666,1204.8383208645278,,,,,,,
2173.5,1207.1717895738473,1201.6294652061426,1205.5059246830729,,,,,,,
2174.5,1207.8373473873867,1201.400413242389,1205.6398815003463,,,,,,,
2175.5,1207.5481631160758,1201.0830600310503,1204.8051278900723,,,,,,,
2176.5,1206.4482149938722,1201.3877155870316,1204.8828885046198,,,,,,,
2177.5,1207.0793714676097,1200.7146957667924,1206.1172443266887,,,,,,,
2178.5,1207.324967415818,1200.4361234681649,1205.667940425022,,,,,,,
2179.5,1206.6115561302493,1201.2334678507684,1205.0041715132152,,,,,,,
2180.5,1206.764278480606,1201.732451799943,1205.602165472121,,,,,,,
2181.5,1208.4584078985179,1201.742417106793,1204.7469169435333,,,,,,,
2182.5,1208.3640359677154,1202.2280459135948,1204.2628243438203,,,,,,,
2183.5,1207.1555433722956,1202.0604532549644,1204.7378972877725,,,,,,,
2184.5,1207.2988963823923,1201.1991578898387,1204.9277170554383,,,,,,,
2185.5,1207.1818450572162,1201.749856068383,1203.9876286548256,,,,,,,
2186.5,1206.8016999322047,1201.2563237907254,1204.5696088672048,,,,,,,
2187.5,1206.7876275859228,1200.324420412098,1205.4372091741036,,,,,,,
2188.5,1206.5031863990864,1199.9738862498396,1204.9958001264254,,,,,,,
2189.5,1206.0943731569196,1201.236192183585,1203.6466051093723,,,,,,,
2190.5,1207.0870256504902,1201.1213085015186,1203.996644102349,,,,,,,
2191.5,1206.736419547409,1200.9348160469885,1203.9973849525454,,,,,,,
2192.5,1205.9514283458625,1201.6007882717279,1203.4130258836115,,,,,,,
2193.5,1206.3814903820366,1201.827142554836,1202.8307945797267,,,,,,,
2194.5,1206.8918952874603,1200.6974081266494,1203.806792472313,,,,,,,
2195.5,1205.7554064376545,1200.5823929872583,1203.4418044169036,,,,,,,
2196.5,1205.1255947963946,1201.721066513516,1202.4156102663396,,,,,,,
2197.5,1205.5679761473334,1201.1355948667376,1202.5196609430568,,,,,,,
2198.5,1206.5212062725589,1199.8892429626244,1203.289870610102,,,,,,,
2199.5,1205.5295475242206,1200.4363763632007,1202.755292385984,,,,,,,
2200.5,1204.594888751976,1200.9518872634876,1202.5862865611143,,,,,,,
2201.5,1205.7669788904548,1200.678175479201,1202.9597347770864,,,,,,,
2202.5,1206.8946162136083,1199.8696868820632,1203.6020152257393,,,,,,,
2203.5,1206.9726780177275,1199.7232043459942,1203.5138797025556,,,,,,,
2204.5,1205.739821730963,1199.4717589476265,1201.781980751684,,,,,,,
2205.5,1204.9078485633393,1198.4984976117846,1201.032635325893,,,,,,,
2206.5,1204.2118692003428,1197.7649765618319,1202.2476102102387,,,,,,,
2207.5,1203.6914212358708,1198.3487023912146,1201.2445689809658,,,,,,,
2208.5,1203.114865642053,1197.2846501343108,1199.9525154169437,,,,,,,
2209.5,1203.2474531789928,1196.375348798643,1200.272385755499,,,,,,,
2210.5,1202.986476723809,1196.9381312318274,1200.0998969127052,,,,,,,
2211.5,1202.740364565131,1196.8654106830886,1199.954635567087,,,,,,,
2212.5,1203.1060902644606,1195.0762640712867,1199.6408994360966,,,,,,,
2213.5,1202.985650306116,1194.0596947611184,1200.2816454811914,,,,,,,
2214.5,1202.877956297664,1195.0388754840192,1200.1391493484114,,,,,,,
2215.5,1202.271046686582,1194.8404915522062,1198.601189027781,,,,,,,
2216.5,1202.5853565406214,1193.9950209637032,1198.4252552415924,,,,,,,
2217.5,1201.2380470143717,1193.5743162442532,1197.5692812930124,,,,,,,
2218.5,1200.0109453922264,1193.4810506791346,1196.7508057466603,,,,,,,
2219.5,1199.949426570601,1192.1414137718539,1196.8109392565711,,,,,,,
2220.5,1199.6795885691515,1190.9916916181717,1195.630225637835,,,,,,,
2221.5,1199.1472032375684,1191.7583102558624,1194.0780821540013,,,,,,,
2222.5,1199.8985940671885,1191.6032513317182,1194.212164216439,,,,,,,
2223.5,1199.0317374159777,1190.2784813260425,1193.9821519729608,,,,,,,
2224.5,1197.9044910581295,1189.1067813512998,1193.0796776009113,,,,,,,
2225.5,1196.6722018814696,1189.0501963875834,1193.1234178213492,,,,,,,
2226.5,1197.1099403440653,1188.9039813751856,1192.4781545338603,,,,,,,
2227.5,1196.5269285123159,1187.5538918070702,1191.3743061770408,,,,,,,
2228.5,1196.4405490265335,1187.650427773922,1190.385205435941,,,,,,,
2229.5,1196.3032636937703,1187.6607175158463,1190.9054860728736,,,,,,,
2230.5,1195.0952778903838,1186.2428514769067,1190.2515554192223,,,,,,,
2231.5,1194.0249106720942,1184.7333374391965,1188.2296347577724,,,,,,,
2232.5,1193.504100198018,1184.5072653083944,1187.1401477128784,,,,,,,
2233.5,1193.2424384012945,1184.5391958115927,1187.4246420036643,,,,,,,
2234.5,1192.0808526248538,1183.8102467111219,1186.8259787345996,,,,,,,
2235.5,1191.5390242086573,1183.2476666741231,1185.558955166197,,,,,,,
2236.5,1190.5673389579645,1183.6367539030898,1185.8796370934176,,,,,,,
2237.5,1189.7891097929432,1181.9724071841001,1184.5076620850755,,,,,,,
2238.5,1189.3661867311412,1180.2022882184617,1183.0386425143176,,,,,,,
2239.5,1188.5272339009944,1179.597255280923,1182.2449350508969,,,,,,,
2240.5,1188.2480698440138,1179.5002157283143,1183.1391520593538,,,,,,,
2241.5,1187.0384404232857,1178.781464189327,1182.276099454473,,,,,,,
2242.5,1185.0876229446196,1178.200641242267,1180.702347873304,,,,,,,
2243.5,1184.2490911386176,1178.1307572460116,1180.0706106627886,,,,,,,
2244.5,1184.2695537937768,1177.306839446579,1179.4014449869449,,,,,,,
2245.5,1184.1251871996133,1176.5890020970955,1177.7611834140544,,,,,,,
2246.5,1183.3321676828314,1176.3491363656497,1176.371238429913,,,,,,,
2247.5,1182.9626553712985,1175.3632605372393,1175.8825718767953,,,,,,,
2248.5,1181.4902006763673,1173.2826818541118,1174.6269622509128,,,,,,,
2249.5,1179.8355878111643,1172.3072406512322,1173.0422908945443,,,,,,,
2250.5,1178.6969818170992,1171.1274997365413,1172.670226387149,,,,,,,
2251.5,1178.2618173931226,1170.8724160162456,1172.390674971924,,,,,,,
2252.5,1178.3230091745745,1170.754162537883,1172.0355955123543,,,,,,,
2253.5,1176.9049387355267,1169.2006271293897,1170.818389861336,,,,,,,
2254.5,1175.6223266529794,1167.227760089233,1170.5418252927923,,,,,,,
2255.5,1175.6251153117125,1166.7755683346631,1170.803330182374,,,,,,,
2256.5,1174.9693470610089,1166.508976086699,1169.2339780129485,,,,,,,
2257.5,1173.6656000072599,1165.4925306189493,1167.6162870214323,,,,,,,
2258.5,1172.849941174557,1164.691740491382,1167.9713067641073,,,,,,,
2259.5,1172.6699115709037,1164.5995167656395,1167.1643567787655,,,,,,,
2260.5,1171.2067827311114,1163.4160952462528,1165.3216487217128,,,,,,,
2261.5,1169.647742146367,1162.2104596433278,1163.5234552008023,,,,,,,
2262.5,1169.4786393316422,1162.1329861908932,1163.4707251830507,,,,,,,
2263.5,1169.5205169059946,1162.0536312555005,1163.7038074359991,,,,,,,
2264.5,1168.7971132606199,1161.0754787453016,1162.5035401414095,,,,,,,
2265.5,1167.6707039412543,1160.5891247188997,1162.4851192830188,,,,,,,
2266.5,1167.621207653452,1160.2121435873298,1161.8013888971027,,,,,,,
2267.5,1167.2565159781996,1158.985016715759,1161.1659849089574,,,,,,,
2268.5,1166.3536227863203,1158.3909847122864,1159.6193999057164,,,,,,,
2269.5,1165.1421503579488,1158.1289736318483,1158.823067904826,,,,,,,
2270.5,1164.3966604792993,1157.616186262809,1158.9330307544803,,,,,,,
2271.5,1164.3590191973883,1155.8219364616355,1157.6189318372053,,,,,,,
2272.5,1163.0405058389501,1155.2463207075318,1156.2744259991084,,,,,,,
2273.5,1161.8058295896526,1155.4142353965287,1156.325464305375,,,,,,,
2274.5,1161.5288758593338,1154.0833772735086,1155.1492078113545,,,,,,,
2275.5,1160.8220562768665,1152.6997238048589,1153.1293109113697,,,,,,,
2276.5,1159.584521231544,1152.3672023019512,1152.4793724723834,,,,,,,
2277.5,1158.4673521998209,1152.4531924255664,1152.125162314451,,,,,,,
2278.5,1157.7810752290259,1151.9258611872501,1150.59083510555,,,,,,,
2279.5,1157.8131113389466,1150.703335722824,1150.5559241682233,,,,,,,
2280.5,1157.468335849152,1150.2732171760315,1150.659158847645,,,,,,,
2281.5,1155.962701806439,1149.2739962248622,1149.533035688431,,,,,,,
2282.5,1155.0074481201416,1148.1952616276278,1149.5294953583193,,,,,,,
2283.5,1154.006335666401,1147.1451077765216,1149.4430697823166,,,,,,,
2284.5,1153.1842302145951,1147.5203819667947,1147.4242812519385,,,,,,,
2285.5,1153.9753606335132,1146.455434557652,1146.612872137959,,,,,,,
2286.5,1153.5515582504606,1145.2917849412938,1147.0904235334206,,,,,,,
2287.5,1152.2745870097265,1145.3828758495733,1146.0795161062533,,,,,,,
2288.5,1151.3935548102181,1144.3591397105083,1144.6457729883102,,,,,,,
2289.5,1150.64201448797,1143.9916475533796,1144.9772734926378,,,,,,,
2290.5,1149.0917444714034,1143.9507160309008,1144.2728229475042,,,,,,,
2291.5,1147.5308097789882,1142.5993900425226,1143.225352348801,,,,,,,
2292.5,1147.7130124363425,1141.303996540652,1143.6025362773412,,,,,,,
2293.5,1147.6857657015091,1142.2694393719578,1143.0008915721867,,,,,,,
2294.5,1146.556544878693,1141.8276273354384,1141.774341429549,,,,,,,
2295.5,1146.1385416473415,1140.0993206162746,1140.3441596829055,,,,,,,
2296.5,1145.2666639675872,1139.381109134436,1141.4775831322631,,,,,,,
2297.5,1145.26751162686,1139.80955160034,1141.9661607112157,,,,,,,
2298.5,1145.2624980128303,1139.7158561938174,1141.6726423560392,,,,,,,
2299.5,1143.9273334600764,1138.379556218501,1140.3486057860462,,,,,,,
