year,ssp245,ssp585
1850,0.19622547429205633,0.19622547429205633
1851,0.876935567946722,0.876935567946722
1852,0.21231367384824618,0.21231367384824618
1853,0.6223456837607925,0.6223456837607925
1854,0.11913284369199155,0.11913284369199155
1855,0.014754010282841625,0.014754010282841625
1856,0.5046140361964968,0.5046140361964968
1857,-0.11912190841670385,-0.11912190841670385
1858,0.34262938215205063,0.34262938215205063
1859,0.12165722456592773,0.12165722456592773
1860,-0.07661328786070054,-0.07661328786070054
1861,-0.3057052417394603,-0.3057052417394603
1862,-1.265092907148359,-1.265092907148359
1863,-0.11107234109870177,-0.11107234109870177
1864,0.5065496718260901,0.5065496718260901
1865,0.16292241100144939,0.16292241100144939
1866,-0.3029220562003098,-0.3029220562003098
1867,-0.4059674431902421,-0.4059674431902421
1868,0.5619199785899376,0.5619199785899376
1869,0.299667263029761,0.299667263029761
1870,-0.44409932991034723,-0.44409932991034723
1871,0.8734387642713933,0.8734387642713933
1872,0.09381026404105541,0.09381026404105541
1873,-0.8013916896396422,-0.8013916896396422
1874,0.1848263067748938,0.1848263067748938
1875,0.28517184498519954,0.28517184498519954
1876,0.7328263086062007,0.7328263086062007
1877,0.04757463889422138,0.04757463889422138
1878,-0.21129985033391513,-0.21129985033391513
1879,-0.26117417181209596,-0.26117417181209596
1880,0.2246679471404881,0.2246679471404881
1881,-0.15408706730462,-0.15408706730462
1882,0.2019058705167449,0.2019058705167449
1883,-1.3337417874837925,-1.3337417874837925
1884,-2.609514551070119,-2.609514551070119
1885,-0.9740411461137608,-0.9740411461137608
1886,-0.42523489125331293,-0.42523489125331293
1887,-0.12030155881019447,-0.12030155881019447
1888,-0.4199321327985618,-0.4199321327985618
1889,0.3108627092287827,0.3108627092287827
1890,-0.39493157839098914,-0.39493157839098914
1891,0.10828625923781307,0.10828625923781307
1892,-0.3538293626263529,-0.3538293626263529
1893,0.3055374864917553,0.3055374864917553
1894,0.5312245156637625,0.5312245156637625
1895,-0.03430692184677622,-0.03430692184677622
1896,0.13881979724877597,0.13881979724877597
1897,0.24988556087379568,0.24988556087379568
1898,0.5028462710689556,0.5028462710689556
1899,-0.12202197128026596,-0.12202197128026596
1900,0.015737439247298146,0.015737439247298146
1901,-0.6271441823268624,-0.6271441823268624
1902,-0.6257620588568356,-0.6257620588568356
1903,-1.236763787376007,-1.236763787376007
1904,-0.6418580859076721,-0.6418580859076721
1905,-0.6007795192172571,-0.6007795192172571
1906,-0.09571988632483655,-0.09571988632483655
1907,-0.5006430284928216,-0.5006430284928216
1908,-0.29669651454163815,-0.29669651454163815
1909,0.1563807416950232,0.1563807416950232
1910,-0.07479836416370528,-0.07479836416370528
1911,-1.2340838507462397,-1.2340838507462397
1912,-0.13944456679085107,-0.13944456679085107
1913,0.19961193503724128,0.19961193503724128
1914,-0.13341052217987548,-0.13341052217987548
1915,-0.015795436144583064,-0.015795436144583064
1916,0.5775483510323038,0.5775483510323038
1917,0.11565532685525282,0.11565532685525282
1918,0.6442698608696955,0.6442698608696955
1919,0.6174561082524013,0.6174561082524013
1920,0.71878210898751,0.71878210898751
1921,-0.07073266485469715,-0.07073266485469715
1922,0.07478121115786518,0.07478121115786518
1923,-0.04355337321933367,-0.04355337321933367
1924,0.2458835418043651,0.2458835418043651
1925,0.10129431143610351,0.10129431143610351
1926,0.39124534474322575,0.39124534474322575
1927,1.153648921488928,1.153648921488928
1928,0.2221315908542698,0.2221315908542698
1929,-0.5543227431079701,-0.5543227431079701
1930,0.6260181235255731,0.6260181235255731
1931,0.3969963381092827,0.3969963381092827
1932,-0.33022482548974486,-0.33022482548974486
1933,-0.11588888365076394,-0.11588888365076394
1934,0.012549908293986056,0.012549908293986056
1935,-0.20690388275768318,-0.20690388275768318
1936,0.44423089672172,0.44423089672172
1937,0.4836465394572552,0.4836465394572552
1938,0.6902084894975933,0.6902084894975933
1939,1.0118798805197153,1.0118798805197153
1940,0.6617189009737415,0.6617189009737415
1941,-0.011947315502988554,-0.011947315502988554
1942,0.4838419946192525,0.4838419946192525
1943,0.5535680854587881,0.5535680854587881
1944,0.33370090428377197,0.33370090428377197
1945,0.37715851479562157,0.37715851479562157
1946,0.3043840354335364,0.3043840354335364
1947,-0.33312251038902485,-0.33312251038902485
1948,0.693330054304751,0.693330054304751
1949,0.22670879150374368,0.22670879150374368
1950,0.02218839506970327,0.02218839506970327
1951,-0.12120813437562972,-0.12120813437562972
1952,0.3166550386159469,0.3166550386159469
1953,-0.5133692294675347,-0.5133692294675347
1954,0.1716200716676467,0.1716200716676467
1955,0.04685515754023095,0.04685515754023095
1956,-0.44262839026092693,-0.44262839026092693
1957,-0.08789417164991997,-0.08789417164991997
1958,-0.19575797058828365,-0.19575797058828365
1959,0.12972609428723736,0.12972609428723736
1960,-0.42160246360537795,-0.42160246360537795
1961,-0.6253121998967119,-0.6253121998967119
1962,-0.19608775333491058,-0.19608775333491058
1963,-2.578736784958457,-2.578736784958457
1964,-1.4431791082943404,-1.4431791082943404
1965,-0.9355198685954337,-0.9355198685954337
1966,-0.9817388437082457,-0.9817388437082457
1967,-0.8430383642482315,-0.8430383642482315
1968,-0.43205286296430023,-0.43205286296430023
1969,-0.3157526489941971,-0.3157526489941971
1970,-0.3616251822456459,-0.3616251822456459
1971,0.12283440755131003,0.12283440755131003
1972,-0.8082760145833472,-0.8082760145833472
1973,0.019132568399024885,0.019132568399024885
1974,-0.08877584439264241,-0.08877584439264241
1975,-0.8266506359406752,-0.8266506359406752
1976,-1.0553833417823664,-1.0553833417823664
1977,0.4179771605833258,0.4179771605833258
1978,0.23061358238815477,0.23061358238815477
1979,0.6265619234866746,0.6265619234866746
1980,0.31001943007171895,0.31001943007171895
1981,0.2422393801301843,0.2422393801301843
1982,-0.9605237337768586,-0.9605237337768586
1983,-1.7865137661675852,-1.7865137661675852
1984,-0.06660282258535655,-0.06660282258535655
1985,-0.17681177070244303,-0.17681177070244303
1986,0.0029537913803057148,0.0029537913803057148
1987,-0.1326922746505299,-0.1326922746505299
1988,-0.14476584352305855,-0.14476584352305855
1989,-0.9693747403025519,-0.9693747403025519
1990,0.4670164080224122,0.4670164080224122
1991,-0.2254998893733835,-0.2254998893733835
1992,-1.7459683772671981,-1.7459683772671981
1993,-1.2941853493698479,-1.2941853493698479
1994,-0.48060309325464834,-0.48060309325464834
1995,0.5566143743089671,0.5566143743089671
1996,0.7325279275096392,0.7325279275096392
1997,0.12447507603812302,0.12447507603812302
1998,-0.15600826733289042,-0.15600826733289042
1999,0.341829603239558,0.341829603239558
2000,0.08519701941845215,0.08519701941845215
2001,0.09713754608746683,0.09713754608746683
2002,-0.08358068087965997,-0.08358068087965997
2003,0.43367764550477705,0.43367764550477705
2004,0.19525510701324555,0.19525510701324555
2005,0.34170836068534305,0.34170836068534305
2006,-0.2168012040613223,-0.2168012040613223
2007,0.3000840930707034,0.3000840930707034
2008,0.4854187677446631,0.4854187677446631
2009,-0.17142896908642036,-0.17142896908642036
2010,0.37826875617694355,0.37826875617694355
2011,0.5563937900849876,0.5563937900849876
2012,0.02973955348797297,0.02973955348797297
2013,-0.1185429148949999,-0.1185429148949999
2014,0.9406504695771685,0.9406504695771685
2015,0.28023303548743117,0.023331295259874096
2016,-1.097347667695713,-0.8991099769202304
2017,-0.24033451534053718,-0.7649366345018782
2018,0.3738216165757149,0.24994057572027195
2019,0.3833900163588262,0.2025791945557751
2020,-0.36537794777975297,-0.33160365569099115
2021,-0.41362226962949356,-0.07147042791390357
2022,0.7099857436834229,0.16286872690983456
2023,0.49117979837991044,0.585941005183586
2024,-0.8909322080390327,-0.05615244218777837
2025,0.4886708443276899,-0.14727790930469986
2026,1.3170852154218395,-0.03025163713716772
2027,-0.17085757158515014,0.4954966803596279
2028,-0.8608931650651095,-0.012485325531671254
2029,0.7739256284959208,0.5980476530539014
2030,1.099966577296545,0.543923526808237
2031,0.13394046111324753,-0.6377462422723661
2032,-0.6553260926028561,0.9792185485877916
2033,0.7860724892651563,1.1856025031857773
2034,0.7838198806244039,0.3816180519160137
2035,-0.13513038362496532,-0.10317351921116513
2036,0.858363190473777,-1.0243688833320261
2037,0.33156364514395387,0.9084041150100588
2038,0.6560432760364394,1.449135804303027
2039,0.5733039140852876,0.8873958802443362
2040,0.051989670404343435,0.7200203927344453
2041,0.5271720829295901,0.02576804758097273
2042,0.5728597426951629,0.7834352834213187
2043,-0.09641018913889621,0.3011607728996757
2044,1.0552304998826423,0.4000288891260775
2045,0.6430144662448392,1.3413536796746302
2046,0.5599707272510988,0.3225011266846991
2047,0.4650595681509193,0.19073367323034773
2048,-0.6125192234255392,0.671319495009536
2049,0.5626310840813931,0.8152243522548526
2050,1.2711989630901073,0.2651823686243029
2051,0.12832797915106342,1.0000163641212056
2052,-0.09837838325440362,1.0381005557312255
2053,0.6417734603648149,0.44697688520918977
2054,1.15766007978851,0.7744379576000204
2055,0.8331468433120577,0.7394131530925669
2056,1.1300830679588652,0.8895194835626432
2057,0.48071623615201897,1.3312599149420814
2058,0.436084403628894,0.842394949556283
2059,0.45157449108925096,0.6382738277653877
2060,1.180329064751497,0.9832279301349232
2061,0.35403128243561355,0.6998492851994307
2062,0.6798337519182223,1.5387067005497759
2063,0.6801889932955696,0.6114030357573865
2064,0.05610989841024061,0.20967801034261413
2065,0.26386176467879263,1.234178962761277
2066,0.9029544650418355,1.4559824471025609
2067,0.5814824383686945,0.3759890647703781
2068,-0.37760565885247743,1.174488090349766
2069,1.4544508568173544,1.7644729922655404
2070,0.618829270417601,-0.038313615611396123
2071,-0.3804768691773095,1.4166804464812195
2072,1.7522308844323344,1.4233624165257632
2073,0.4407131174274239,0.9653227176349084
2074,0.5474051770023189,-0.09684681037039677
2075,0.8879200065558672,1.7558203992182149
2076,1.3036017699341453,2.0493216111387422
2077,0.6004685760261621,1.3686222132466348
2078,-0.5216628723856847,0.41747183664061716
2079,1.2212705977244145,2.2792149598091846
2080,1.5345339052537676,2.139195760845084
2081,0.6097152102749419,1.60779467109385
2082,0.7392299260650113,0.685010613773998
2083,1.1790589896068173,0.8848094176209882
2084,1.2641268940785242,0.9584606337526429
2085,1.0077870809903962,0.42614536909744327
2086,0.1049708250376602,1.1344132119886279
2087,1.1563063635672943,1.2774380840635118
2088,0.6400972649183707,0.4661815147512396
2089,0.7391459902996695,-0.6357954008723965
2090,0.4211527680116207,1.529627951481265
2091,0.28358919370843605,2.0696267452670636
2092,0.6992636427613173,1.0624191415842326
2093,0.6521260220208269,-0.1262474038314796
2094,0.30210527185556746,1.4978419223503021
2095,-0.6637471598356406,1.8158054954488438
2096,1.2122485986402847,1.4813099455109757
2097,1.2572943878511023,1.4174533282135204
2098,0.8200595046867978,0.9780903480567762
2099,0.599046861090974,1.4288637211071755
2100,0.31313521934583477,1.8267161663717157
