year,ssp119,ssp126,ssp245,ssp370,ssp585
1850,0.06414794993674267,0.06414794993674267,0.06414794993674267,0.06414794993674267,0.010228191982208656
1851,-0.17073927545146533,-0.17073927545146533,-0.17073927545146533,-0.17073927545146533,-0.1268624982549992
1852,-0.21295590938362652,-0.21295590938362652,-0.21295590938362655,-0.21295590938362652,-0.09447616548731759
1853,-0.026971415828945123,-0.026971415828945123,-0.026971415828945123,-0.026971415828945123,-0.06289600708402437
1854,-0.12808789327895714,-0.12808789327895714,-0.12808789327895714,-0.12808789327895714,-0.15593163322312337
1855,-0.053905883007671684,-0.053905883007671684,-0.053905883007671684,-0.053905883007671684,-0.16285825989831082
1856,0.017270591330071326,0.017270591330071326,0.017270591330071354,0.017270591330071326,-0.09668919435488571
1857,0.21209310712554796,0.21209310712554796,0.212093107125548,0.21209310712554796,0.3095131879712582
1858,-0.09231499838590743,-0.09231499838590743,-0.09231499838590741,-0.09231499838590743,-0.09296981311969967
1859,-0.1420826529164719,-0.1420826529164719,-0.14208265291647187,-0.1420826529164719,-0.04531574042185693
1860,-0.1444359976810744,-0.1444359976810744,-0.1444359976810744,-0.1444359976810744,-0.06923612858575857
1861,-0.11408520172991352,-0.11408520172991352,-0.11408520172991352,-0.11408520172991352,-0.19141593295931675
1862,-0.196937524093347,-0.196937524093347,-0.196937524093347,-0.196937524093347,-0.2841784990325084
1863,-0.20003504457515878,-0.20003504457515878,-0.20003504457515878,-0.20003504457515878,-0.1691439002470629
1864,0.016021646135449798,0.016021646135449798,0.016021646135449798,0.016021646135449798,0.04502415750726819
1865,0.038587675399979746,0.038587675399979746,0.03858767539997976,0.038587675399979746,0.008031314963031451
1866,0.03797637486007008,0.03797637486007008,0.03797637486007008,0.03797637486007008,0.05909374776059423
1867,0.056274489467108876,0.056274489467108876,0.056274489467108876,0.056274489467108876,0.12370235941196221
1868,0.017133982342871862,0.017133982342871862,0.017133982342871862,0.017133982342871862,0.05706495735990744
1869,0.06946579381384946,0.06946579381384946,0.06946579381384949,0.06946579381384946,-0.09435790717171447
1870,0.09120599760491371,0.09120599760491371,0.09120599760491371,0.09120599760491371,0.09779382333290282
1871,-0.11306144962686218,-0.11306144962686218,-0.11306144962686221,-0.11306144962686218,-0.023851113175210492
1872,0.1882579048361574,0.1882579048361574,0.1882579048361574,0.1882579048361574,0.14154335001682194
1873,0.18483064878619848,0.18483064878619848,0.18483064878619848,0.18483064878619848,0.25831944179788796
1874,0.18638378595854876,0.18638378595854876,0.18638378595854876,0.18638378595854876,0.15735572224885636
1875,-0.19386517756988864,-0.19386517756988864,-0.19386517756988864,-0.19386517756988864,-0.10971941397620444
1876,-0.047796831034826515,-0.047796831034826515,-0.047796831034826515,-0.047796831034826515,-0.006649774434654462
1877,-0.30666954714012984,-0.30666954714012984,-0.30666954714012984,-0.30666954714012984,-0.24245686931954186
1878,-0.1891432133390652,-0.1891432133390652,-0.1891432133390652,-0.1891432133390652,-0.060332115983462546
1879,0.061742766887358594,0.061742766887358594,0.06174276688735862,0.061742766887358594,-0.041712168078459115
1880,0.011617109241589554,0.011617109241589554,0.011617109241589554,0.011617109241589554,-0.08106999357958852
1881,-0.23107641660285994,-0.23107641660285994,-0.23107641660285994,-0.23107641660285994,-0.09301450599627584
1882,-0.1700716883911716,-0.1700716883911716,-0.1700716883911716,-0.1700716883911716,-0.24925045659892625
1883,-1.0788575730495635,-1.0788575730495635,-1.0788575730495633,-1.0788575730495635,-1.064406534478829
1884,-1.7230286579434713,-1.7230286579434713,-1.7230286579434708,-1.7230286579434713,-1.6512266371411426
1885,-0.45119322675725776,-0.45119322675725776,-0.45119322675725776,-0.45119322675725776,-0.540953260359206
1886,-0.30350347165707137,-0.30350347165707137,-0.3035034716570713,-0.30350347165707137,-0.3380499778311086
1887,-0.06557240040585004,-0.06557240040585004,-0.06557240040585004,-0.06557240040585004,0.050643102120823014
1888,-0.13302616013052193,-0.13302616013052193,-0.13302616013052196,-0.13302616013052193,-0.15045061978934854
1889,-0.2405826787721836,-0.2405826787721836,-0.2405826787721836,-0.2405826787721836,-0.1949413061684031
1890,-0.267051458566493,-0.267051458566493,-0.267051458566493,-0.267051458566493,-0.14328782964611933
1891,-0.35403636001593985,-0.35403636001593985,-0.35403636001593985,-0.35403636001593985,-0.3802945600440146
1892,-0.07473885500049449,-0.07473885500049449,-0.07473885500049449,-0.07473885500049449,-0.005235301112270246
1893,0.05709180380128706,0.05709180380128706,0.057091803801287144,0.05709180380128706,0.12496233511573357
1894,0.09241319318289323,0.09241319318289323,0.09241319318289323,0.09241319318289323,0.13661087211180964
1895,0.18280413344548974,0.18280413344548974,0.18280413344548974,0.18280413344548974,0.10302213136360089
1896,-0.4973037106709951,-0.4973037106709951,-0.4973037106709951,-0.4973037106709951,-0.3819355212863049
1897,-0.3897333042994158,-0.3897333042994158,-0.3897333042994157,-0.3897333042994158,-0.2510082439314819
1898,-0.4882419275184378,-0.4882419275184378,-0.4882419275184378,-0.4882419275184378,-0.3982790899122207
1899,-0.29156130384920964,-0.29156130384920964,-0.29156130384920964,-0.29156130384920964,-0.1986073514184786
1900,0.02740521860478279,0.02740521860478279,0.027405218604782733,0.02740521860478279,-0.010559801169641503
1901,-0.09708518012918854,-0.09708518012918854,-0.0970851801291886,-0.09708518012918854,-0.18300469931452013
1902,-0.7439280070419514,-0.7439280070419514,-0.7439280070419513,-0.7439280070419514,-0.7035771004023493
1903,-1.0055978394557485,-1.0055978394557485,-1.0055978394557485,-1.0055978394557485,-0.9615221220535055
1904,-0.3656614620349606,-0.3656614620349606,-0.3656614620349606,-0.3656614620349606,-0.3290573542789337
1905,-0.21952561876765722,-0.21952561876765722,-0.21952561876765722,-0.21952561876765722,-0.26688609023217447
1906,-0.18022900081539717,-0.18022900081539717,-0.1802290008153972,-0.18022900081539717,-0.13605126448322316
1907,-0.39341119746847525,-0.39341119746847525,-0.39341119746847525,-0.39341119746847525,-0.395910319484266
1908,-0.4505338420972478,-0.4505338420972478,-0.4505338420972478,-0.4505338420972478,-0.3853579603108339
1909,0.19545099786352538,0.19545099786352538,0.19545099786352527,0.19545099786352538,0.18260224580482598
1910,-0.49069626273874034,-0.49069626273874034,-0.49069626273874034,-0.49069626273874034,-0.3754176715650237
1911,-0.088463368789584,-0.088463368789584,-0.088463368789584,-0.088463368789584,-0.35398904578000273
1912,-0.9788282057816982,-0.9788282057816982,-0.9788282057816982,-0.9788282057816982,-0.8986799800873929
1913,-0.7275425282320724,-0.7275425282320724,-0.7275425282320724,-0.7275425282320724,-0.666592267625365
1914,-0.7001167304475475,-0.7001167304475475,-0.7001167304475475,-0.7001167304475475,-0.5508088698056217
1915,-0.48787294609601417,-0.48787294609601417,-0.48787294609601417,-0.48787294609601417,-0.3288125671758516
1916,-0.1367566022420239,-0.1367566022420239,-0.13675660224202385,-0.1367566022420239,-0.09805631566315615
1917,-0.20949305398783563,-0.20949305398783563,-0.20949305398783563,-0.20949305398783563,-0.19351388718874
1918,-0.25187993931566754,-0.25187993931566754,-0.25187993931566754,-0.25187993931566754,-0.26225604615756054
1919,-0.31389328841351066,-0.31389328841351066,-0.31389328841351066,-0.31389328841351066,-0.3756832489481626
1920,-0.1711229291344521,-0.1711229291344521,-0.1711229291344521,-0.1711229291344521,-0.18773200320338038
1921,0.03576460778577972,0.03576460778577972,0.03576460778577972,0.03576460778577972,0.020025413692671745
1922,-0.15499441956002347,-0.15499441956002347,-0.15499441956002347,-0.15499441956002347,-0.217194122210006
1923,-0.6432255510508582,-0.6432255510508582,-0.6432255510508582,-0.6432255510508582,-0.5689794787477892
1924,-0.42883600563823365,-0.42883600563823365,-0.4288360056382337,-0.42883600563823365,-0.34981474151214925
1925,-0.0981745297516749,-0.0981745297516749,-0.09817452975167484,-0.0981745297516749,-0.07304364771590116
1926,-0.14106600197176644,-0.14106600197176644,-0.14106600197176644,-0.14106600197176644,-0.11903547892713062
1927,-0.45879360366221644,-0.45879360366221644,-0.4587936036622164,-0.45879360366221644,-0.4026119179438935
1928,-0.17429128630169377,-0.17429128630169377,-0.17429128630169372,-0.17429128630169377,-0.05502819961115918
1929,-0.33527365517615754,-0.33527365517615754,-0.33527365517615754,-0.33527365517615754,-0.39296027932353217
1930,-0.21307528363903544,-0.21307528363903544,-0.21307528363903544,-0.21307528363903544,-0.1957952337607449
1931,-0.20632681491671126,-0.20632681491671126,-0.20632681491671126,-0.20632681491671126,-0.198168537206255
1932,-0.36260743001709284,-0.36260743001709284,-0.36260743001709284,-0.36260743001709284,-0.2788205958915481
1933,-0.2186508591444361,-0.2186508591444361,-0.2186508591444362,-0.2186508591444361,-0.37322667608766646
1934,-0.06905290242868084,-0.06905290242868084,-0.06905290242868084,-0.06905290242868084,-0.05927362759816501
1935,-0.7038778282109447,-0.7038778282109447,-0.7038778282109447,-0.7038778282109447,-0.5108626938989032
1936,-0.10017809901770913,-0.10017809901770913,-0.10017809901770913,-0.10017809901770913,-0.10859871442127805
1937,-0.13764376492812613,-0.13764376492812613,-0.13764376492812608,-0.13764376492812613,-0.18047123906846801
1938,-0.4145880642897571,-0.4145880642897571,-0.41458806428975714,-0.4145880642897571,-0.37984832518802325
1939,-0.4512230073270449,-0.4512230073270449,-0.45122300732704496,-0.4512230073270449,-0.4168010178850339
1940,-0.05235319241764558,-0.05235319241764558,-0.05235319241764558,-0.05235319241764558,-0.1500460484646548
1941,-0.5603783728957736,-0.5603783728957736,-0.5603783728957736,-0.5603783728957736,-0.5671106727577987
1942,-0.3310790877399621,-0.3310790877399621,-0.33107908773996214,-0.3310790877399621,-0.24040113257917045
1943,-0.44745743283961864,-0.44745743283961864,-0.4474574328396186,-0.44745743283961864,-0.38420519505880146
1944,-0.45840809353725775,-0.45840809353725775,-0.45840809353725775,-0.45840809353725775,-0.5070724364315732
1945,-0.3563032289916841,-0.3563032289916841,-0.3563032289916841,-0.3563032289916841,-0.3330143789298661
1946,-0.12924442582713863,-0.12924442582713863,-0.12924442582713858,-0.12924442582713863,-0.0689748302592314
1947,0.04991525244124018,0.04991525244124018,0.04991525244124029,0.04991525244124018,-0.06863800448665641
1948,-0.43168640453310464,-0.43168640453310464,-0.43168640453310464,-0.43168640453310464,-0.3498364717614252
1949,-0.11797619010815508,-0.11797619010815508,-0.11797619010815491,-0.11797619010815508,-0.16834199851368042
1950,-0.2170951430677882,-0.2170951430677882,-0.2170951430677882,-0.2170951430677882,-0.14952670329467616
1951,-0.20535181793332868,-0.20535181793332868,-0.20535181793332868,-0.20535181793332868,-0.2603553457884788
1952,-0.8418045212837197,-0.8418045212837197,-0.8418045212837197,-0.8418045212837197,-0.6796753853521876
1953,-0.05936672815390931,-0.05936672815390931,-0.05936672815390942,-0.05936672815390931,-0.21947906168333842
1954,-0.5987891631232569,-0.5987891631232569,-0.5987891631232569,-0.5987891631232569,-0.5931162299270429
1955,-0.6178194877535607,-0.6178194877535607,-0.6178194877535607,-0.6178194877535607,-0.5685303161346731
1956,-0.8124556628877545,-0.8124556628877545,-0.8124556628877546,-0.8124556628877545,-0.8124591139433067
1957,-0.20267858429606211,-0.20267858429606211,-0.20267858429606211,-0.20267858429606211,-0.14475726172625575
1958,-0.6748917980187157,-0.6748917980187157,-0.6748917980187158,-0.6748917980187157,-0.5844166406109325
1959,-0.6092471194861911,-0.6092471194861911,-0.6092471194861911,-0.6092471194861911,-0.5953010933269697
1960,-0.7378392786767406,-0.7378392786767406,-0.7378392786767406,-0.7378392786767406,-0.6621122034482122
1961,-0.8856705284041402,-0.8856705284041402,-0.8856705284041402,-0.8856705284041402,-0.9135739368501378
1962,-0.7894063765227117,-0.7894063765227117,-0.7894063765227117,-0.7894063765227117,-0.8359537731531012
1963,-2.1301773333464533,-2.1301773333464533,-2.1301773333464533,-2.1301773333464533,-2.0489173256931292
1964,-1.5675798324184398,-1.5675798324184398,-1.5675798324184398,-1.5675798324184398,-1.4970652218866753
1965,-1.0283717979883695,-1.0283717979883695,-1.0283717979883695,-1.0283717979883695,-0.9758496541643132
1966,-1.0660898740486182,-1.0660898740486182,-1.0660898740486182,-1.0660898740486182,-0.9186988918948732
1967,-0.9031752195753393,-0.9031752195753393,-0.9031752195753393,-0.9031752195753393,-1.02522140457673
1968,-0.860120622516304,-0.860120622516304,-0.860120622516304,-0.860120622516304,-0.8417951430297916
1969,-0.9141506932099875,-0.9141506932099875,-0.9141506932099875,-0.9141506932099875,-0.814787901620162
1970,-0.7153948996695225,-0.7153948996695225,-0.7153948996695225,-0.7153948996695225,-0.8357913681737515
1971,-1.1554668610387049,-1.1554668610387049,-1.1554668610387049,-1.1554668610387049,-1.162737066595702
1972,-0.8375685286664057,-0.8375685286664057,-0.8375685286664057,-0.8375685286664057,-0.8617154731227681
1973,-0.9079796598857528,-0.9079796598857528,-0.9079796598857528,-0.9079796598857528,-0.9716663851838059
1974,-1.1598585809882032,-1.1598585809882032,-1.159858580988203,-1.1598585809882032,-1.1342350768616687
1975,-1.0533461935777217,-1.0533461935777217,-1.0533461935777215,-1.0533461935777217,-1.085081341372458
1976,-1.0489661445573115,-1.0489661445573115,-1.0489661445573115,-1.0489661445573115,-0.9557849585915181
1977,-0.6952287485828683,-0.6952287485828683,-0.6952287485828683,-0.6952287485828683,-0.7518334830802115
1978,-0.5973284485063525,-0.5973284485063525,-0.5973284485063526,-0.5973284485063525,-0.5011939434466091
1979,-0.7287381154476889,-0.7287381154476889,-0.7287381154476889,-0.7287381154476889,-0.7324172719776688
1980,-0.7557481753278829,-0.7557481753278829,-0.7557481753278829,-0.7557481753278829,-0.705615643125271
1981,-0.4496928451677813,-0.4496928451677813,-0.4496928451677813,-0.4496928451677813,-0.4908168722442968
1982,-1.0926891124489837,-1.0926891124489837,-1.0926891124489837,-1.0926891124489837,-1.0022811275477355
1983,-1.0775595811284917,-1.0775595811284917,-1.0775595811284917,-1.0775595811284917,-1.1135126835656743
1984,-0.8628301196227528,-0.8628301196227528,-0.8628301196227528,-0.8628301196227528,-0.7066130625114448
1985,-0.8987758343482487,-0.8987758343482487,-0.8987758343482488,-0.8987758343482487,-0.8564936186933538
1986,-0.44031441916108394,-0.44031441916108394,-0.44031441916108394,-0.44031441916108394,-0.47268700901201877
1987,-0.5989070738420832,-0.5989070738420832,-0.5989070738420832,-0.5989070738420832,-0.598568855115186
1988,-0.9501623037417936,-0.9501623037417936,-0.9501623037417936,-0.9501623037417936,-0.9763975136767352
1989,-0.582025624938931,-0.582025624938931,-0.5820256249389308,-0.582025624938931,-0.4034684418941644
1990,-0.5617148030926472,-0.5617148030926472,-0.5617148030926471,-0.5617148030926472,-0.6012450349541428
1991,-1.7731843969386802,-1.7731843969386802,-1.77318439693868,-1.7731843969386802,-1.6066945589116577
1992,-2.240317047965438,-2.240317047965438,-2.240317047965438,-2.240317047965438,-2.2298454690267686
1993,-1.351693779319826,-1.351693779319826,-1.351693779319826,-1.351693779319826,-1.2454883237674172
1994,-0.19769771501539934,-0.19769771501539934,-0.19769771501539912,-0.19769771501539934,-0.21517005439676784
1995,-0.6202304609248573,-0.6202304609248573,-0.6202304609248572,-0.6202304609248573,-0.655166372278004
1996,-0.6327337549294723,-0.6327337549294723,-0.6327337549294724,-0.6327337549294723,-0.5555804558688223
1997,-0.41151636171843553,-0.41151636171843553,-0.4115163617184354,-0.41151636171843553,-0.28716293047496255
1998,-0.39938285025884546,-0.39938285025884546,-0.39938285025884546,-0.39938285025884546,-0.32850198872724
1999,-0.43816011629510987,-0.43816011629510987,-0.43816011629510987,-0.43816011629510987,-0.4122341479676994
2000,0.059058585289262666,0.059058585289262666,0.059058585289262666,0.059058585289262666,0.1826675057917888
2001,-0.35129683905437337,-0.35129683905437337,-0.35129683905437314,-0.35129683905437337,-0.28512912305104954
2002,0.07429886514098838,0.07429886514098838,0.07429886514098838,0.07429886514098838,0.002243087600504623
2003,-0.19189731125647214,-0.19189731125647214,-0.19189731125647214,-0.19189731125647214,-0.16338327031918176
2004,-0.32337583993358887,-0.32337583993358887,-0.32337583993358887,-0.32337583993358887,-0.2755117942862533
2005,-0.4917309937024885,-0.4917309937024885,-0.4917309937024885,-0.4917309937024885,-0.5688940047973441
2006,-0.41564075408879453,-0.41564075408879453,-0.41564075408879475,-0.41564075408879453,-0.3254288550586004
2007,-0.47322335479751776,-0.47322335479751776,-0.47322335479751776,-0.47322335479751776,-0.3721120965756015
2008,-0.2469054001489872,-0.2469054001489872,-0.2469054001489872,-0.2469054001489872,-0.26263368305212986
2009,-0.5242361775436872,-0.5242361775436872,-0.524236177543687,-0.5242361775436872,-0.42421741210476993
2010,-0.03359763926909909,-0.03359763926909909,-0.03359763926909909,-0.03359763926909909,-0.20239872850916818
2011,-0.043294170172978985,-0.043294170172978985,-0.043294170172978985,-0.043294170172978985,-0.06478035213675004
2012,-0.2929480748763027,-0.2929480748763027,-0.2929480748763027,-0.2929480748763027,-0.19051356157577382
2013,-0.1100713782611984,-0.1100713782611984,-0.11007137826119795,-0.1100713782611984,-0.0758588745783122
2014,-0.16194629009460737,-0.16194629009460737,-0.16194629009460781,-0.16194629009460737,-0.08098581822514306
2015,0.0034158733093094806,0.09977690638053871,-0.18710706503195285,0.19684610221339782,0.07202986406862899
2016,-0.17539987489174647,-0.07973019630597267,-0.12627943897724103,0.13364722179087618,-0.09795804320999757
2017,0.04499615112163102,0.08139159812395924,0.07993550925736725,-0.21436277733219056,0.21048533200994335
2018,0.4136788982288917,0.391605638781543,0.030781792902290217,-0.005227961772873435,0.02493732921093006
2019,0.1464471549448758,0.023683201146647015,0.03019512881785058,0.13281409244430709,0.2141826584338009
2020,0.01410816624792055,0.0669120548236335,-0.01636824491871991,-0.52171401320438,0.49412774661658876
2021,0.09451637016305936,0.1986675603754935,0.29539596747894015,0.029736165328530184,0.2391921165314761
2022,0.23409270232531965,0.5542813895473562,0.16522625456317508,0.10887843032402289,0.4246228590404537
2023,0.33201129046756517,0.2970767842160038,0.3859505285885403,0.0002151232807978687,0.3931878527275252
2024,0.2734064901860038,0.6307048409276912,0.1582491780967339,0.3083012793984081,0.2546706536603889
2025,0.5283029619144011,0.16227871312200914,0.4344506332436753,0.3366849034068098,0.6256666182680619
2026,0.5417600304503698,0.365843534635371,0.23804783168078858,0.11522977092315889,0.6863196454399585
2027,0.25864210826233114,0.3141650590133054,0.14990642300905588,0.3372770539715142,0.38213089797701905
2028,0.7133863599067509,0.20593519887222111,0.41235100380101297,0.030647670918547476,0.34578841052393017
2029,0.7350066741267485,0.5354701908664619,-0.04506521850888712,0.0422004097132711,0.5643773484780428
2030,0.502604148377428,0.4293963962150089,0.10197749876551132,0.056214079449766974,0.2655345353785701
2031,0.5541752399346378,0.4522799453654569,0.5666220122076706,0.000651619546506943,0.5059399305652548
2032,0.3758477697064042,0.5442976697028996,0.1968901666422811,0.13858154552396407,0.5641577430991243
2033,0.6333332167851342,0.38043292002997164,0.28816102687420564,0.31570129001088265,0.5225758079180283
2034,0.5859314634955126,0.1281903902789514,0.6367406689181885,0.22380107714288044,0.49554135309274905
2035,0.3042746576884592,0.8486408110797998,0.3893968505375316,0.3975911416343796,0.6284767994417821
2036,0.4590409841837526,0.692015715659466,0.36134127678113437,0.5756134299469178,0.5999635772311511
2037,0.9134801495800895,0.23446251019785969,0.2639502005121632,0.24864161157946318,0.5878305117151452
2038,0.42448507818410386,0.573583812065166,0.3304347572614894,0.2953568467028642,0.6984632358681999
2039,0.5186475436971225,0.4582655643043019,0.43351612190037825,0.2636812247982334,0.8579540688424263
2040,0.6375483118207348,0.38046414665950534,0.44255344386934947,0.507612182296834,0.5215410683857962
2041,0.3665156287977962,0.4402021324454628,0.29766702914107634,0.11554385656906208,0.67071745037889
2042,0.2858753346968026,0.0808149148046291,0.4534170254600989,0.10336113621215315,0.8656507687767117
2043,0.45555800614339814,0.5518982961618324,0.6891747985227408,0.060638605323640515,0.6876092351378986
2044,0.3710328482230141,0.41553136933840396,0.7782287704360109,0.4564730540486588,0.8226828543212901
2045,0.5500542779538984,0.42667315102853687,0.5996605039099201,-0.06873850845277474,0.7821018471515555
2046,0.012423997904022599,0.6658901173637668,0.3703732242058817,0.46154228525632135,0.9395747176847666
2047,0.4343013150944155,0.6686694594697493,0.7292352012907299,0.5798313985167303,0.675993350159124
2048,0.7262373388868459,0.2646956305825139,0.48648542949481444,0.4222704886704798,0.7433811129823158
2049,0.10813955604862979,0.7292597019589087,0.5340375374945623,0.26259242093342605,1.1586948209696248
2050,0.3823369260996565,0.7237835115242248,0.7214882392530058,0.5006241641888374,0.8430232635973036
2051,0.5985698138873841,-0.032475595684799075,,0.3413817223526996,0.801390268689997
2052,0.27031521998614627,0.8325526528256697,,0.32098498722808033,1.096416785872127
2053,0.1803195258822634,0.8233692473097194,,0.7668976516300816,0.7717950388726251
2054,0.6136383798410865,0.2746615983967877,,0.40855853207149284,0.9464075260009963
2055,0.26389610004716335,0.4898264892749311,,0.41477576911871283,0.9939869217334927
2056,0.288663250479817,0.24181697344721176,,0.8608446406053369,1.231439205789921
2057,0.7318857933616143,0.5815510830400967,,0.7079881223506241,0.9470201463150083
2058,0.4841990622137877,0.11026020472318487,,0.7717517270504395,1.172134846065668
2059,0.30827457638507294,0.6949964115008287,,0.3732867606726318,0.9180761740178562
2060,0.5914271251790812,0.8940650610087997,,0.5569885407986215,1.0335257034958394
2061,0.7244323798136207,0.5261217102916311,,0.9889422890027992,1.2166607130238045
2062,0.12366874307499431,0.1109750237338023,,-0.11750238563639925,0.8021130033094268
2063,0.12612044901436814,0.364776963103127,,0.6540231667043654,1.0248845836845542
2064,0.37038908139041604,0.690454870616704,,0.37673048494754546,1.4836892605407321
2065,0.5795082649511807,0.3861913882460062,,0.5168552470490937,0.8933658856598194
2066,0.23138196031356228,0.43439495814071405,,0.7638684449323359,1.2129655673592579
2067,0.29923173251104407,0.45057239020972517,,0.8601180638837898,1.2752592899585773
2068,0.47634345718057736,0.6444127915235014,,0.9528045487983032,1.1671971430425403
2069,0.3517064374622021,0.28564665675388623,,0.8675938614358918,0.7907680336023413
2070,0.4670104044527048,0.4591078979483423,,0.31380634872641977,1.3211937568552141
2071,0.3402927156051767,0.5384207627815387,,0.6604352425476865,1.5972936448675883
2072,0.6446262457640324,0.21877699122081173,,0.4713524119373478,1.2037864992966725
2073,0.08486806434717042,0.6975796525549742,,0.8563804462623201,1.4687719258163243
2074,0.6364696078099241,0.4484791290160981,,0.7531765637022065,1.3647444235227768
2075,0.2518694753583737,0.4264672860273486,,0.5202703365274415,1.1184407178644493
2076,0.257899097275621,0.49418746370491107,,0.9403470543141541,1.2335624470733526
2077,0.3952763611573662,0.3188912257824348,,0.9708939605742426,1.4099594583326214
2078,0.25356605318896586,0.45024431436946255,,0.5527985013669161,1.3878772915030604
2079,0.408834127248749,0.2319310097122549,,0.9890712037021867,1.2734991680257446
2080,0.3918873926539699,0.4615246582753625,,0.7479540687757114,1.4132015505620767
2081,0.44194191761337986,0.5814485026414253,,0.7214529323533005,1.5534768339201603
2082,0.7564515277416186,0.4138374354792069,,0.7404297197163618,1.562501961992682
2083,0.3783528214516605,0.5500275948135815,,1.0286757599020566,1.4031543691659456
2084,0.5441993949255259,0.4116806802267492,,1.005017406767859,1.503237066124412
2085,0.5039544541138472,0.1348039481743326,,0.7493522809554491,1.2623203916984336
2086,0.6795663311693718,-0.05037959953855742,,0.9795945678029101,1.4125962738923583
2087,-0.08143464035242509,0.6739877180084459,,0.8119353582629651,1.2071897259689486
2088,0.6358909334658227,0.30313918312891586,,0.8780803454799058,1.2703286592951581
2089,0.6542186486343708,0.3640491285909482,,0.8153305589697872,1.6565063976589318
2090,0.2280208674604718,0.4497949256053775,,1.2224841311242116,1.3240148827591014
2091,0.20561463973974448,0.499866924849631,,1.0939607537576226,1.6215872225149566
2092,0.398108539250249,0.5063708837213956,,1.0192890620649209,1.7668841097481014
2093,0.6280873681406651,0.6272841378542835,,1.1311431179940747,1.1717515917353216
2094,0.35030272991744305,0.8119634551549191,,1.1346181405283255,1.6699522143651047
2095,0.49315821385460246,0.5112948663839498,,1.0078504661486827,1.5604254488487843
2096,0.5721135384032665,0.6957298193182924,,1.114771429530748,1.762815534382148
2097,0.3795547983131897,0.16213001150239714,,1.0347842638918108,1.5682664143817249
2098,0.22089985497349152,0.4111834313243632,,1.1465971807271753,1.2755855163185963
2099,0.7680657134080326,0.6940886819762984,,1.0219190987087563,1.9121987864826613
2100,0.1911240647684911,0.16094246486966712,,1.298723229287825,1.3865558765109371
